"V6","lng","lat","date_time","icons","index"
"2014-2013","5.43032289155182","52.9260649276781","2013-05-10T09:12:19Z","2","1"
"2014-2013","5.4503024","52.9154865","2013-05-10T09:12:19Z","1","2"
"2014-2013","5.4441803","52.9249868","2013-05-10T10:12:31Z","1","3"
"2014-2013","5.4440951","52.9249862","2013-05-10T11:13:01Z","1","4"
"2014-2013","5.444058","52.9249992","2013-05-10T12:13:26Z","1","5"
"2014-2013","5.4435665","52.924981","2013-05-10T13:13:31Z","1","6"
"2014-2013","5.4443179","52.925075","2013-05-10T14:14:01Z","1","7"
"2014-2013","5.4974035","52.9444089","2013-05-10T15:14:29Z","1","8"
"2014-2013","5.4973893","52.9443921","2013-05-10T16:14:55Z","1","9"
"2014-2013","5.497343","52.9444945","2013-05-10T17:15:15Z","1","10"
"2014-2013","5.4973905","52.9445922","2013-05-10T18:16:08Z","1","11"
"2014-2013","5.4974207","52.9449226","2013-05-10T19:16:53Z","1","12"
"2014-2013","5.4974026","52.9445617","2013-05-10T20:17:05Z","1","13"
"2014-2013","5.4973592","52.9445008","2013-05-10T21:17:26Z","1","14"
"2014-2013","5.4973222","52.944574","2013-05-10T22:18:02Z","1","15"
"2014-2013","5.4973404","52.9444564","2013-05-10T23:18:26Z","1","16"
"2014-2013","5.4999009","52.9440023","2013-05-11T00:18:58Z","1","17"
"2014-2013","5.497313","52.9445206","2013-05-11T01:19:32Z","1","18"
"2014-2013","5.4971341","52.9444285","2013-05-11T02:20:00Z","1","19"
"2014-2013","5.4344205","52.9233386","2013-05-11T03:20:17Z","1","20"
"2014-2013","5.4334394","52.9244393","2013-05-11T04:21:08Z","1","21"
"2014-2013","5.4407244","52.9193863","2013-05-11T05:21:08Z","1","22"
"2014-2013","5.4407485","52.9193848","2013-05-11T06:21:06Z","1","23"
"2014-2013","5.4972416","52.9445015","2013-05-11T07:21:27Z","1","24"
"2014-2013","5.4973426","52.9444955","2013-05-11T08:21:38Z","1","25"
"2014-2013","5.4983413","52.9437002","2013-05-11T09:22:03Z","1","26"
"2014-2013","5.4973185","52.9445536","2013-05-11T10:22:19Z","1","27"
"2014-2013","5.4971646","52.9443635","2013-05-11T11:22:41Z","1","28"
"2014-2013","5.4973317","52.9444566","2013-05-11T12:23:26Z","1","29"
"2014-2013","5.4972315","52.9446713","2013-05-11T13:23:33Z","1","30"
"2014-2013","5.4973608","52.9444703","2013-05-11T14:24:08Z","1","31"
"2014-2013","5.4971676","52.9448174","2013-05-11T15:24:14Z","1","32"
"2014-2013","5.4975441","52.944369","2013-05-11T16:24:31Z","1","33"
"2014-2013","5.4974017","52.9444781","2013-05-11T17:25:08Z","1","34"
"2014-2013","5.4974176","52.9444453","2013-05-11T18:25:06Z","1","35"
"2014-2013","5.4973334","52.944461","2013-05-11T19:25:38Z","1","36"
"2014-2013","5.4973976","52.9444893","2013-05-11T20:25:33Z","1","37"
"2014-2013","5.4974232","52.9444477","2013-05-11T21:25:34Z","1","38"
"2014-2013","5.4974545","52.9445838","2013-05-11T22:26:08Z","1","39"
"2014-2013","5.4973873","52.9444608","2013-05-11T23:26:05Z","1","40"
"2014-2013","5.4973362","52.9444614","2013-05-12T00:26:38Z","1","41"
"2014-2013","5.4973427","52.9444323","2013-05-12T01:26:39Z","1","42"
"2014-2013","5.4973734","52.9446066","2013-05-12T02:26:40Z","1","43"
"2014-2013","5.4609455","52.9223424","2013-05-12T03:26:56Z","1","44"
"2014-2013","5.4249704","52.9221797","2013-05-12T04:27:38Z","1","45"
"2014-2013","5.4303771","52.9260385","2013-05-12T05:41:09Z","1","46"
"2014-2013","5.4304891","52.9259566","2013-05-12T06:41:21Z","1","47"
"2014-2013","5.4303536","52.9259993","2013-05-12T07:41:43Z","1","48"
"2014-2013","5.4301866","52.9263259","2013-05-12T08:42:39Z","1","49"
"2014-2013","5.430162","52.9263917","2013-05-12T09:42:44Z","1","50"
"2014-2013","5.4303399","52.9260394","2013-05-12T10:43:33Z","1","51"
"2014-2013","5.4304647","52.9258998","2013-05-12T11:43:43Z","1","52"
"2014-2013","5.4303767","52.9260611","2013-05-12T12:44:28Z","1","53"
"2014-2013","5.4304834","52.9260812","2013-05-12T13:44:37Z","1","54"
"2014-2013","5.4301531","52.9263833","2013-05-12T14:45:09Z","1","55"
"2014-2013","5.4302267","52.9262395","2013-05-12T15:45:33Z","1","56"
"2014-2013","5.4301014","52.9264396","2013-05-12T16:45:28Z","1","57"
"2014-2013","5.4303743","52.9260474","2013-05-12T17:46:09Z","1","58"
"2014-2013","5.4303988","52.9260432","2013-05-12T18:46:22Z","1","59"
"2014-2013","5.4303864","52.9260355","2013-05-12T19:46:59Z","1","60"
"2014-2013","5.4303783","52.9260482","2013-05-12T20:47:19Z","1","61"
"2014-2013","5.4303886","52.9260672","2013-05-12T21:47:18Z","1","62"
"2014-2013","5.4303968","52.926014","2013-05-12T22:48:03Z","1","63"
"2014-2013","5.4304093","52.9260596","2013-05-12T23:48:36Z","1","64"
"2014-2013","5.4303706","52.9260488","2013-05-13T00:48:36Z","1","65"
"2014-2013","5.4303715","52.925998","2013-05-13T01:48:55Z","1","66"
"2014-2013","5.4303607","52.9260562","2013-05-13T02:49:27Z","1","67"
"2014-2013","5.4303282","52.9259794","2013-05-13T03:49:41Z","1","68"
"2014-2013","5.4303628","52.9260388","2013-05-13T04:50:09Z","1","69"
"2014-2013","5.4308483","52.9256213","2013-05-13T05:50:08Z","1","70"
"2014-2013","5.4309788","52.9262092","2013-05-13T06:50:47Z","1","71"
"2014-2013","5.4303404","52.9262645","2013-05-13T07:51:38Z","1","72"
"2014-2013","5.4298519","52.9264417","2013-05-13T08:52:30Z","1","73"
"2014-2013","5.430382","52.9262736","2013-05-13T09:52:53Z","1","74"
"2014-2013","5.4303131","52.9262686","2013-05-13T10:53:50Z","1","75"
"2014-2013","5.4299676","52.9263808","2013-05-13T11:54:01Z","1","76"
"2014-2013","5.4302151","52.9263329","2013-05-13T12:54:39Z","1","77"
"2014-2013","5.4303452","52.9263552","2013-05-13T13:54:59Z","1","78"
"2014-2013","5.4305053","52.9258913","2013-05-13T14:55:57Z","1","79"
"2014-2013","5.4301769","52.9263675","2013-05-13T15:56:01Z","1","80"
"2014-2013","5.4302445","52.9263102","2013-05-13T16:57:09Z","1","81"
"2014-2013","5.4304126","52.9262214","2013-05-13T17:58:08Z","1","82"
"2014-2013","5.4325518","52.9264827","2013-05-13T18:39:28Z","1","83"
"2014-2013","5.4380814","52.9305994","2013-05-13T18:54:34Z","1","84"
"2014-2013","5.4380502","52.9306072","2013-05-13T19:11:23Z","1","85"
"2014-2013","5.4378976","52.9305915","2013-05-13T19:26:37Z","1","86"
"2014-2013","5.4379501","52.9305737","2013-05-13T19:41:47Z","1","87"
"2014-2013","5.4379652","52.9305588","2013-05-13T19:57:33Z","1","88"
"2014-2013","5.4379446","52.9305358","2013-05-13T20:12:26Z","1","89"
"2014-2013","5.4377588","52.9305682","2013-05-13T20:27:23Z","1","90"
"2014-2013","5.4377476","52.9304851","2013-05-13T20:42:21Z","1","91"
"2014-2013","5.4377605","52.9305051","2013-05-13T20:57:16Z","1","92"
"2014-2013","5.4377684","52.930571","2013-05-13T21:12:42Z","1","93"
"2014-2013","5.4377478","52.9305054","2013-05-13T21:27:39Z","1","94"
"2014-2013","5.4377482","52.9305285","2013-05-13T21:42:51Z","1","95"
"2014-2013","5.4378103","52.930475","2013-05-13T21:57:46Z","1","96"
"2014-2013","5.4377613","52.9304993","2013-05-13T22:13:33Z","1","97"
"2014-2013","5.4377364","52.9305029","2013-05-13T22:28:27Z","1","98"
"2014-2013","5.4377618","52.9305104","2013-05-13T22:43:22Z","1","99"
"2014-2013","5.4377585","52.9305228","2013-05-13T22:58:18Z","1","100"
"2014-2013","5.4377798","52.9305201","2013-05-13T23:13:15Z","1","101"
"2014-2013","5.4377644","52.9305408","2013-05-13T23:29:31Z","1","102"
"2014-2013","5.4377351","52.9305403","2013-05-13T23:44:26Z","1","103"
"2014-2013","5.4323804","52.926563","2013-05-13T23:59:38Z","1","104"
"2014-2013","5.430747","52.9257574","2013-05-14T00:14:34Z","1","105"
"2014-2013","5.4302541","52.9261551","2013-05-14T00:29:31Z","1","106"
"2014-2013","5.4301166","52.926278","2013-05-14T00:44:38Z","1","107"
"2014-2013","5.4303369","52.9260794","2013-05-14T00:59:37Z","1","108"
"2014-2013","5.4303998","52.926011","2013-05-14T01:14:39Z","1","109"
"2014-2013","5.4303673","52.926029","2013-05-14T01:30:14Z","1","110"
"2014-2013","5.4303847","52.9260556","2013-05-14T01:45:56Z","1","111"
"2014-2013","5.4303598","52.9260349","2013-05-14T02:01:39Z","1","112"
"2014-2013","5.4303607","52.9260246","2013-05-14T02:16:40Z","1","113"
"2014-2013","5.4303729","52.9260517","2013-05-14T02:31:37Z","1","114"
"2014-2013","5.4302593","52.9261742","2013-05-14T03:01:29Z","1","115"
"2014-2013","5.4302865","52.9260989","2013-05-14T03:16:25Z","1","116"
"2014-2013","5.4302638","52.926132","2013-05-14T03:31:20Z","1","117"
"2014-2013","5.4303841","52.9260598","2013-05-14T03:46:48Z","1","118"
"2014-2013","5.4307501","52.9262663","2013-05-14T04:02:01Z","1","119"
"2014-2013","5.4301332","52.9262365","2013-05-14T04:16:56Z","1","120"
"2014-2013","5.4303667","52.9260524","2013-05-14T04:31:52Z","1","121"
"2014-2013","5.4303144","52.9261132","2013-05-14T04:46:58Z","1","122"
"2014-2013","5.4302546","52.9261539","2013-05-14T05:02:13Z","1","123"
"2014-2013","5.4303759","52.9260469","2013-05-14T05:17:40Z","1","124"
"2014-2013","5.4303771","52.9260427","2013-05-14T05:32:40Z","1","125"
"2014-2013","5.4303511","52.9260458","2013-05-14T05:47:36Z","1","126"
"2014-2013","5.4303306","52.9260577","2013-05-14T06:03:03Z","1","127"
"2014-2013","5.4303607","52.9260433","2013-05-14T06:18:00Z","1","128"
"2014-2013","5.4303358","52.9260704","2013-05-14T06:32:56Z","1","129"
"2014-2013","5.4303134","52.9260872","2013-05-14T06:47:51Z","1","130"
"2014-2013","5.4303931","52.9260627","2013-05-14T07:02:47Z","1","131"
"2014-2013","5.4303471","52.9260573","2013-05-14T07:18:09Z","1","132"
"2014-2013","5.4304081","52.9260581","2013-05-14T07:33:11Z","1","133"
"2014-2013","5.4303749","52.9260294","2013-05-14T07:48:23Z","1","134"
"2014-2013","5.430348","52.926034","2013-05-14T08:03:19Z","1","135"
"2014-2013","5.4302164","52.9262211","2013-05-14T08:18:14Z","1","136"
"2014-2013","5.4304637","52.9260115","2013-05-14T08:33:11Z","1","137"
"2014-2013","5.4303797","52.9261002","2013-05-14T08:48:24Z","1","138"
"2014-2013","5.4304838","52.9260381","2013-05-14T09:03:52Z","1","139"
"2014-2013","5.4305924","52.9260314","2013-05-14T09:18:50Z","1","140"
"2014-2013","5.4304153","52.9263073","2013-05-14T09:33:54Z","1","141"
"2014-2013","5.4275504","52.926487","2013-05-14T09:44:54Z","1","142"
"2014-2013","5.4304953","52.9261099","2013-05-14T09:59:52Z","1","143"
"2014-2013","5.4302944","52.9261356","2013-05-14T10:15:33Z","1","144"
"2014-2013","5.4304354","52.9261841","2013-05-14T10:30:32Z","1","145"
"2014-2013","5.4305119","52.926021","2013-05-14T10:45:27Z","1","146"
"2014-2013","5.430288","52.9261126","2013-05-14T11:00:23Z","1","147"
"2014-2013","5.4302898","52.9262138","2013-05-14T11:15:18Z","1","148"
"2014-2013","5.4304114","52.9261361","2013-05-14T11:30:14Z","1","149"
"2014-2013","5.4303866","52.9260652","2013-05-14T11:45:10Z","1","150"
"2014-2013","5.4303702","52.9260735","2013-05-14T12:01:08Z","1","151"
"2014-2013","5.4303581","52.9260727","2013-05-14T12:16:04Z","1","152"
"2014-2013","5.4303562","52.9260767","2013-05-14T12:31:01Z","1","153"
"2014-2013","5.430375","52.9260649","2013-05-14T12:45:56Z","1","154"
"2014-2013","5.4305242","52.926138","2013-05-14T13:00:53Z","1","155"
"2014-2013","5.430388","52.9262059","2013-05-14T13:15:49Z","1","156"
"2014-2013","5.430375","52.9262424","2013-05-14T13:33:08Z","1","157"
"2014-2013","5.4304675","52.9260673","2013-05-14T13:48:05Z","1","158"
"2014-2013","5.4304002","52.9260261","2013-05-14T14:03:18Z","1","159"
"2014-2013","5.4304848","52.9260311","2013-05-14T14:18:27Z","1","160"
"2014-2013","5.4302729","52.9261578","2013-05-14T14:33:37Z","1","161"
"2014-2013","5.4303243","52.9262959","2013-05-14T14:48:50Z","1","162"
"2014-2013","5.4302877","52.9260764","2013-05-14T15:03:48Z","1","163"
"2014-2013","5.4304449","52.9261462","2013-05-14T15:18:43Z","1","164"
"2014-2013","5.4305634","52.9260135","2013-05-14T15:33:40Z","1","165"
"2014-2013","5.4301203","52.9264329","2013-05-14T15:48:36Z","1","166"
"2014-2013","5.4300683","52.9263446","2013-05-14T15:58:27Z","1","167"
"2014-2013","5.4305801","52.9259524","2013-05-14T16:08:49Z","1","168"
"2014-2013","5.4303129","52.9260179","2013-05-14T16:24:35Z","1","169"
"2014-2013","5.4303807","52.9260267","2013-05-14T16:39:32Z","1","170"
"2014-2013","5.430119","52.9262999","2013-05-14T16:54:43Z","1","171"
"2014-2013","5.4302553","52.9262371","2013-05-14T17:09:39Z","1","172"
"2014-2013","5.4303498","52.9262006","2013-05-14T17:24:34Z","1","173"
"2014-2013","5.430404","52.9261588","2013-05-14T17:39:31Z","1","174"
"2014-2013","5.4299615","52.9264186","2013-05-14T17:54:26Z","1","175"
"2014-2013","5.4302641","52.9264013","2013-05-14T18:09:37Z","1","176"
"2014-2013","5.4301555","52.9263511","2013-05-14T18:24:34Z","1","177"
"2014-2013","5.4307607","52.92576","2013-05-14T18:39:59Z","1","178"
"2014-2013","5.4308946","52.9255965","2013-05-14T18:55:00Z","1","179"
"2014-2013","5.4377374","52.9305975","2013-05-14T19:10:07Z","1","180"
"2014-2013","5.4376786","52.9306041","2013-05-14T19:25:06Z","1","181"
"2014-2013","5.4377945","52.9305515","2013-05-14T19:40:02Z","1","182"
"2014-2013","5.437831","52.9305092","2013-05-14T19:54:58Z","1","183"
"2014-2013","5.4377843","52.9304266","2013-05-14T20:10:36Z","1","184"
"2014-2013","5.4377722","52.9305355","2013-05-14T20:26:40Z","1","185"
"2014-2013","5.4377743","52.9305407","2013-05-14T20:41:53Z","1","186"
"2014-2013","5.437827","52.9305352","2013-05-14T20:56:49Z","1","187"
"2014-2013","5.4378491","52.9305005","2013-05-14T21:12:01Z","1","188"
"2014-2013","5.437869","52.9305392","2013-05-14T21:26:58Z","1","189"
"2014-2013","5.4378522","52.9305428","2013-05-14T21:42:09Z","1","190"
"2014-2013","5.4378411","52.930571","2013-05-14T21:57:06Z","1","191"
"2014-2013","5.4377423","52.9305331","2013-05-14T22:13:22Z","1","192"
"2014-2013","5.437815","52.9305168","2013-05-14T22:28:20Z","1","193"
"2014-2013","5.437953","52.9303917","2013-05-14T22:43:17Z","1","194"
"2014-2013","5.4377051","52.930454","2013-05-14T22:58:10Z","1","195"
"2014-2013","5.4376469","52.9304637","2013-05-14T23:13:20Z","1","196"
"2014-2013","5.4377198","52.9303536","2013-05-14T23:28:31Z","1","197"
"2014-2013","5.4373805","52.9305222","2013-05-14T23:43:46Z","1","198"
"2014-2013","5.4374856","52.93057","2013-05-14T23:58:53Z","1","199"
"2014-2013","5.437607","52.9303461","2013-05-15T00:14:09Z","1","200"
"2014-2013","5.4302084","52.9259527","2013-05-15T00:29:35Z","1","201"
"2014-2013","5.4302023","52.9264148","2013-05-15T00:44:47Z","1","202"
"2014-2013","5.4303109","52.9261167","2013-05-15T00:59:47Z","1","203"
"2014-2013","5.4302931","52.9261986","2013-05-15T01:15:09Z","1","204"
"2014-2013","5.4303892","52.9260174","2013-05-15T01:30:08Z","1","205"
"2014-2013","5.4303702","52.9260317","2013-05-15T01:45:04Z","1","206"
"2014-2013","5.4303751","52.9260347","2013-05-15T02:00:03Z","1","207"
"2014-2013","5.4303758","52.9260057","2013-05-15T02:14:55Z","1","208"
"2014-2013","5.4304002","52.9260492","2013-05-15T02:29:53Z","1","209"
"2014-2013","5.4303649","52.9260519","2013-05-15T02:45:05Z","1","210"
"2014-2013","5.4303634","52.926061","2013-05-15T02:59:59Z","1","211"
"2014-2013","5.4303669","52.9260618","2013-05-15T03:14:55Z","1","212"
"2014-2013","5.4304058","52.9261583","2013-05-15T03:29:51Z","1","213"
"2014-2013","5.4304046","52.9260737","2013-05-15T03:44:50Z","1","214"
"2014-2013","5.4303017","52.926298","2013-05-15T03:59:55Z","1","215"
"2014-2013","5.4303968","52.9260443","2013-05-15T04:16:39Z","1","216"
"2014-2013","5.4304164","52.926003","2013-05-15T04:31:43Z","1","217"
"2014-2013","5.4304489","52.9260056","2013-05-15T04:46:52Z","1","218"
"2014-2013","5.4305371","52.925949","2013-05-15T05:01:49Z","1","219"
"2014-2013","5.4306368","52.9259571","2013-05-15T05:16:47Z","1","220"
"2014-2013","5.4305138","52.9259287","2013-05-15T05:46:57Z","1","221"
"2014-2013","5.4304604","52.9259683","2013-05-15T06:02:06Z","1","222"
"2014-2013","5.4306118","52.9259163","2013-05-15T06:17:03Z","1","223"
"2014-2013","5.4306764","52.9259008","2013-05-15T06:31:58Z","1","224"
"2014-2013","5.4306378","52.9260098","2013-05-15T06:46:53Z","1","225"
"2014-2013","5.4304546","52.9260011","2013-05-15T07:02:03Z","1","226"
"2014-2013","5.4305283","52.9259817","2013-05-15T07:17:00Z","1","227"
"2014-2013","5.4304244","52.9260269","2013-05-15T07:31:57Z","1","228"
"2014-2013","5.4304357","52.9260766","2013-05-15T07:46:52Z","1","229"
"2014-2013","5.4304143","52.9261142","2013-05-15T08:01:49Z","1","230"
"2014-2013","5.4305173","52.9260418","2013-05-15T08:16:46Z","1","231"
"2014-2013","5.4305457","52.9260892","2013-05-15T08:31:40Z","1","232"
"2014-2013","5.4305675","52.9259241","2013-05-15T09:01:48Z","1","233"
"2014-2013","5.4305832","52.9258781","2013-05-15T09:17:26Z","1","234"
"2014-2013","5.4305936","52.9258978","2013-05-15T09:32:38Z","1","235"
"2014-2013","5.4305691","52.9258867","2013-05-15T09:47:50Z","1","236"
"2014-2013","5.4305525","52.9259011","2013-05-15T10:03:08Z","1","237"
"2014-2013","5.430557","52.9259156","2013-05-15T10:18:04Z","1","238"
"2014-2013","5.4305213","52.9258938","2013-05-15T10:33:09Z","1","239"
"2014-2013","5.4306111","52.9259829","2013-05-15T10:48:39Z","1","240"
"2014-2013","5.4305619","52.9260711","2013-05-15T11:03:39Z","1","241"
"2014-2013","5.4304545","52.9260894","2013-05-15T11:18:34Z","1","242"
"2014-2013","5.4304019","52.9261457","2013-05-15T11:33:30Z","1","243"
"2014-2013","5.4303531","52.926159","2013-05-15T11:48:25Z","1","244"
"2014-2013","5.4303831","52.9262024","2013-05-15T12:03:39Z","1","245"
"2014-2013","5.4303006","52.9261965","2013-05-15T12:18:35Z","1","246"
"2014-2013","5.430268","52.9262213","2013-05-15T12:33:30Z","1","247"
"2014-2013","5.4303445","52.9262106","2013-05-15T12:48:26Z","1","248"
"2014-2013","5.430225","52.9262896","2013-05-15T13:03:35Z","1","249"
"2014-2013","5.4302503","52.9261621","2013-05-15T13:18:35Z","1","250"
"2014-2013","5.4303817","52.9261326","2013-05-15T13:33:30Z","1","251"
"2014-2013","5.4302639","52.926221","2013-05-15T13:48:25Z","1","252"
"2014-2013","5.4303332","52.9262375","2013-05-15T14:03:38Z","1","253"
"2014-2013","5.4304458","52.926112","2013-05-15T14:18:35Z","1","254"
"2014-2013","5.4306916","52.9258591","2013-05-15T14:33:30Z","1","255"
"2014-2013","5.4304908","52.9260766","2013-05-15T14:48:29Z","1","256"
"2014-2013","5.4303805","52.9261642","2013-05-15T15:03:23Z","1","257"
"2014-2013","5.4303365","52.9262403","2013-05-15T15:18:38Z","1","258"
"2014-2013","5.4303153","52.9262162","2013-05-15T15:33:29Z","1","259"
"2014-2013","5.4304231","52.9261616","2013-05-15T15:48:27Z","1","260"
"2014-2013","5.4302921","52.9261507","2013-05-15T16:03:21Z","1","261"
"2014-2013","5.4302106","52.9261602","2013-05-15T16:18:20Z","1","262"
"2014-2013","5.4303896","52.926188","2013-05-15T16:33:15Z","1","263"
"2014-2013","5.4303349","52.9261795","2013-05-15T16:48:11Z","1","264"
"2014-2013","5.4303219","52.9261897","2013-05-15T17:03:05Z","1","265"
"2014-2013","5.4302997","52.9261503","2013-05-15T17:18:32Z","1","266"
"2014-2013","5.4302348","52.9262124","2013-05-15T17:33:49Z","1","267"
"2014-2013","5.4303072","52.9261571","2013-05-15T17:49:08Z","1","268"
"2014-2013","5.4303016","52.9261643","2013-05-15T18:04:09Z","1","269"
"2014-2013","5.4303229","52.9261862","2013-05-15T18:19:04Z","1","270"
"2014-2013","5.4303177","52.9261632","2013-05-15T18:34:01Z","1","271"
"2014-2013","5.4303252","52.9261376","2013-05-15T18:49:15Z","1","272"
"2014-2013","5.4303115","52.9261556","2013-05-15T19:04:37Z","1","273"
"2014-2013","5.4303154","52.9261522","2013-05-15T19:21:12Z","1","274"
"2014-2013","5.430294","52.9261549","2013-05-15T19:36:40Z","1","275"
"2014-2013","5.430312","52.9261608","2013-05-15T19:51:36Z","1","276"
"2014-2013","5.4302954","52.9261468","2013-05-15T20:06:32Z","1","277"
"2014-2013","5.4302965","52.9261615","2013-05-15T20:21:28Z","1","278"
"2014-2013","5.4302972","52.9261724","2013-05-15T20:36:24Z","1","279"
"2014-2013","5.4303095","52.9261431","2013-05-15T20:51:31Z","1","280"
"2014-2013","5.4302967","52.9261608","2013-05-15T21:06:32Z","1","281"
"2014-2013","5.4302927","52.9261334","2013-05-15T21:21:28Z","1","282"
"2014-2013","5.43028","52.9261758","2013-05-15T21:36:23Z","1","283"
"2014-2013","5.4302764","52.9261584","2013-05-15T21:51:23Z","1","284"
"2014-2013","5.4302833","52.9261728","2013-05-15T22:07:02Z","1","285"
"2014-2013","5.4302936","52.9261674","2013-05-15T22:22:17Z","1","286"
"2014-2013","5.4303051","52.9261525","2013-05-15T22:37:12Z","1","287"
"2014-2013","5.4302805","52.9261641","2013-05-15T22:52:08Z","1","288"
"2014-2013","5.4303843","52.9261392","2013-05-15T23:07:04Z","1","289"
"2014-2013","5.4302583","52.9261536","2013-05-15T23:22:43Z","1","290"
"2014-2013","5.4305954","52.9257383","2013-05-15T23:38:11Z","1","291"
"2014-2013","5.4300589","52.9261992","2013-05-15T23:53:55Z","1","292"
"2014-2013","5.4303628","52.9261493","2013-05-16T00:09:38Z","1","293"
"2014-2013","5.4303946","52.9261457","2013-05-16T00:24:54Z","1","294"
"2014-2013","5.4303911","52.9262148","2013-05-16T00:39:52Z","1","295"
"2014-2013","5.4302739","52.926162","2013-05-16T00:55:29Z","1","296"
"2014-2013","5.4302374","52.9261409","2013-05-16T01:10:40Z","1","297"
"2014-2013","5.4303595","52.9260504","2013-05-16T01:25:41Z","1","298"
"2014-2013","5.4301999","52.9262332","2013-05-16T01:40:54Z","1","299"
"2014-2013","5.4303002","52.9261992","2013-05-16T01:56:07Z","1","300"
"2014-2013","5.43047","52.9261083","2013-05-16T02:11:00Z","1","301"
"2014-2013","5.4303591","52.9261531","2013-05-16T02:25:57Z","1","302"
"2014-2013","5.4303703","52.9262414","2013-05-16T02:41:08Z","1","303"
"2014-2013","5.4302745","52.9261262","2013-05-16T02:56:04Z","1","304"
"2014-2013","5.4303506","52.9262063","2013-05-16T03:11:00Z","1","305"
"2014-2013","5.4303191","52.9261412","2013-05-16T03:25:56Z","1","306"
"2014-2013","5.4304892","52.9262589","2013-05-16T03:40:52Z","1","307"
"2014-2013","5.4303252","52.9262027","2013-05-16T03:55:49Z","1","308"
"2014-2013","5.4302995","52.9261794","2013-05-16T04:11:08Z","1","309"
"2014-2013","5.4303461","52.9262026","2013-05-16T04:26:31Z","1","310"
"2014-2013","5.4302472","52.9262317","2013-05-16T04:41:49Z","1","311"
"2014-2013","5.4304568","52.9261667","2013-05-16T04:57:04Z","1","312"
"2014-2013","5.43038","52.9261606","2013-05-16T05:12:03Z","1","313"
"2014-2013","5.4306551","52.9260405","2013-05-16T05:26:59Z","1","314"
"2014-2013","5.4302339","52.9260132","2013-05-16T05:41:56Z","1","315"
"2014-2013","5.4302392","52.9260731","2013-05-16T05:56:51Z","1","316"
"2014-2013","5.4301068","52.9262839","2013-05-16T06:11:50Z","1","317"
"2014-2013","5.4302292","52.9261655","2013-05-16T06:26:43Z","1","318"
"2014-2013","5.4302032","52.9262554","2013-05-16T06:41:41Z","1","319"
"2014-2013","5.4300583","52.9262187","2013-05-16T06:56:35Z","1","320"
"2014-2013","5.4301625","52.9262886","2013-05-16T07:11:33Z","1","321"
"2014-2013","5.4302345","52.9261957","2013-05-16T07:26:46Z","1","322"
"2014-2013","5.4302251","52.926159","2013-05-16T07:42:15Z","1","323"
"2014-2013","5.4301596","52.9263087","2013-05-16T07:57:20Z","1","324"
"2014-2013","5.4303972","52.9261858","2013-05-16T08:12:38Z","1","325"
"2014-2013","5.4302843","52.9261952","2013-05-16T08:27:32Z","1","326"
"2014-2013","5.4301117","52.9261791","2013-05-16T08:42:27Z","1","327"
"2014-2013","5.4302985","52.9261103","2013-05-16T08:57:23Z","1","328"
"2014-2013","5.4301539","52.9262476","2013-05-16T09:12:38Z","1","329"
"2014-2013","5.4303258","52.926145","2013-05-16T09:27:52Z","1","330"
"2014-2013","5.4301906","52.9262399","2013-05-16T09:43:08Z","1","331"
"2014-2013","5.4302648","52.9261364","2013-05-16T09:59:38Z","1","332"
"2014-2013","5.4304053","52.9260657","2013-05-16T10:15:15Z","1","333"
"2014-2013","5.4304523","52.9261586","2013-05-16T10:30:41Z","1","334"
"2014-2013","5.430398","52.9262358","2013-05-16T10:45:35Z","1","335"
"2014-2013","5.4303243","52.9260768","2013-05-16T11:00:33Z","1","336"
"2014-2013","5.430502","52.9261025","2013-05-16T11:17:53Z","1","337"
"2014-2013","5.4301454","52.926225","2013-05-16T11:33:38Z","1","338"
"2014-2013","5.4304841","52.9261832","2013-05-16T11:48:32Z","1","339"
"2014-2013","5.430128","52.9263304","2013-05-16T12:04:02Z","1","340"
"2014-2013","5.4303117","52.9263222","2013-05-16T12:13:52Z","1","341"
"2014-2013","5.4304541","52.9261756","2013-05-16T12:23:44Z","1","342"
"2014-2013","5.4303769","52.9261173","2013-05-16T12:38:40Z","1","343"
"2014-2013","5.4301959","52.9263658","2013-05-16T12:53:36Z","1","344"
"2014-2013","5.4301916","52.9262036","2013-05-16T13:03:30Z","1","345"
"2014-2013","5.4301775","52.9262519","2013-05-16T13:18:57Z","1","346"
"2014-2013","5.4306602","52.9260518","2013-05-16T13:33:53Z","1","347"
"2014-2013","5.4305169","52.9261217","2013-05-16T13:48:49Z","1","348"
"2014-2013","5.4305516","52.9261303","2013-05-16T14:03:44Z","1","349"
"2014-2013","5.4304866","52.9261143","2013-05-16T14:18:39Z","1","350"
"2014-2013","5.430472","52.9261385","2013-05-16T14:33:36Z","1","351"
"2014-2013","5.4304477","52.9261704","2013-05-16T14:48:33Z","1","352"
"2014-2013","5.4304793","52.9261937","2013-05-16T15:03:28Z","1","353"
"2014-2013","5.4304173","52.9261838","2013-05-16T15:18:25Z","1","354"
"2014-2013","5.4305248","52.9258799","2013-05-16T15:33:19Z","1","355"
"2014-2013","5.4304989","52.9259898","2013-05-16T15:48:17Z","1","356"
"2014-2013","5.4302902","52.9263338","2013-05-16T16:03:38Z","1","357"
"2014-2013","5.4307473","52.9260055","2013-05-16T16:18:39Z","1","358"
"2014-2013","5.4302918","52.9262054","2013-05-16T16:33:33Z","1","359"
"2014-2013","5.4302483","52.9261654","2013-05-16T16:48:31Z","1","360"
"2014-2013","5.430207","52.9262092","2013-05-16T17:03:42Z","1","361"
"2014-2013","5.4302617","52.926207","2013-05-16T17:18:39Z","1","362"
"2014-2013","5.4302693","52.9262172","2013-05-16T17:33:34Z","1","363"
"2014-2013","5.4302362","52.9261605","2013-05-16T17:48:30Z","1","364"
"2014-2013","5.4301393","52.9264101","2013-05-16T18:03:27Z","1","365"
"2014-2013","5.4308296","52.9261269","2013-05-16T18:19:27Z","1","366"
"2014-2013","5.4378978","52.9307614","2013-05-16T18:34:42Z","1","367"
"2014-2013","5.4378435","52.9308739","2013-05-16T18:49:39Z","1","368"
"2014-2013","5.4379314","52.9308513","2013-05-16T19:05:08Z","1","369"
"2014-2013","5.4379309","52.9308533","2013-05-16T19:20:45Z","1","370"
"2014-2013","5.4379899","52.9308397","2013-05-16T19:36:13Z","1","371"
"2014-2013","5.4379593","52.9308531","2013-05-16T19:51:25Z","1","372"
"2014-2013","5.4379991","52.9308711","2013-05-16T20:06:21Z","1","373"
"2014-2013","5.4379809","52.9308253","2013-05-16T20:36:46Z","1","374"
"2014-2013","5.4379504","52.9308264","2013-05-16T20:51:42Z","1","375"
"2014-2013","5.4392905","52.9310168","2013-05-16T21:06:53Z","1","376"
"2014-2013","5.4393025","52.9310033","2013-05-16T21:22:06Z","1","377"
"2014-2013","5.4393193","52.930983","2013-05-16T21:37:02Z","1","378"
"2014-2013","5.4393393","52.9309815","2013-05-16T21:51:57Z","1","379"
"2014-2013","5.439355","52.9310306","2013-05-16T22:07:08Z","1","380"
"2014-2013","5.4393531","52.9310373","2013-05-16T22:22:04Z","1","381"
"2014-2013","5.4393262","52.9310257","2013-05-16T22:37:00Z","1","382"
"2014-2013","5.4393563","52.9310201","2013-05-16T22:52:12Z","1","383"
"2014-2013","5.4394481","52.9310469","2013-05-16T23:07:08Z","1","384"
"2014-2013","5.4393511","52.9310293","2013-05-16T23:22:08Z","1","385"
"2014-2013","5.4394014","52.930983","2013-05-16T23:37:00Z","1","386"
"2014-2013","5.4394636","52.9308747","2013-05-16T23:51:56Z","1","387"
"2014-2013","5.4396608","52.9308211","2013-05-17T00:07:01Z","1","388"
"2014-2013","5.4304422","52.9264367","2013-05-17T00:22:59Z","1","389"
"2014-2013","5.4303084","52.9264519","2013-05-17T00:38:03Z","1","390"
"2014-2013","5.4303098","52.9264323","2013-05-17T00:53:33Z","1","391"
"2014-2013","5.4302681","52.9263584","2013-05-17T01:08:27Z","1","392"
"2014-2013","5.4303487","52.9263181","2013-05-17T01:23:25Z","1","393"
"2014-2013","5.4301944","52.9264044","2013-05-17T01:38:19Z","1","394"
"2014-2013","5.430484","52.9260252","2013-05-17T01:53:15Z","1","395"
"2014-2013","5.4299549","52.9263515","2013-05-17T02:08:27Z","1","396"
"2014-2013","5.4302102","52.9263178","2013-05-17T02:23:37Z","1","397"
"2014-2013","5.4302297","52.9262901","2013-05-17T02:38:36Z","1","398"
"2014-2013","5.4302084","52.9262051","2013-05-17T02:53:32Z","1","399"
"2014-2013","5.4299982","52.9262748","2013-05-17T03:08:26Z","1","400"
"2014-2013","5.4302584","52.9263251","2013-05-17T03:23:22Z","1","401"
"2014-2013","5.4302366","52.9263186","2013-05-17T03:53:30Z","1","402"
"2014-2013","5.4304639","52.9263095","2013-05-17T04:08:56Z","1","403"
"2014-2013","5.4304223","52.9261356","2013-05-17T04:23:58Z","1","404"
"2014-2013","5.4303735","52.9261705","2013-05-17T04:39:07Z","1","405"
"2014-2013","5.4304367","52.9261239","2013-05-17T04:54:02Z","1","406"
"2014-2013","5.4303808","52.9261756","2013-05-17T05:09:14Z","1","407"
"2014-2013","5.430476","52.926125","2013-05-17T05:24:42Z","1","408"
"2014-2013","5.4301442","52.9263284","2013-05-17T05:40:31Z","1","409"
"2014-2013","5.4301713","52.9263473","2013-05-17T05:55:53Z","1","410"
"2014-2013","5.4302304","52.9263257","2013-05-17T06:11:08Z","1","411"
"2014-2013","5.4303589","52.9262512","2013-05-17T06:26:02Z","1","412"
"2014-2013","5.4303686","52.9262084","2013-05-17T06:40:57Z","1","413"
"2014-2013","5.4301528","52.9263356","2013-05-17T06:56:10Z","1","414"
"2014-2013","5.4302542","52.9263523","2013-05-17T07:11:05Z","1","415"
"2014-2013","5.4304393","52.9260817","2013-05-17T07:26:17Z","1","416"
"2014-2013","5.4300847","52.9264442","2013-05-17T07:41:13Z","1","417"
"2014-2013","5.4301563","52.9264117","2013-05-17T07:56:10Z","1","418"
"2014-2013","5.4300149","52.9264084","2013-05-17T08:11:06Z","1","419"
"2014-2013","5.4301173","52.9263806","2013-05-17T08:26:13Z","1","420"
"2014-2013","5.4301545","52.9263621","2013-05-17T08:42:11Z","1","421"
"2014-2013","5.4301331","52.9263626","2013-05-17T08:58:09Z","1","422"
"2014-2013","5.4301995","52.92637","2013-05-17T09:13:12Z","1","423"
"2014-2013","5.4302532","52.9262991","2013-05-17T09:28:08Z","1","424"
"2014-2013","5.4302223","52.926312","2013-05-17T09:43:15Z","1","425"
"2014-2013","5.4302455","52.9262962","2013-05-17T09:58:16Z","1","426"
"2014-2013","5.4302913","52.9261956","2013-05-17T10:14:03Z","1","427"
"2014-2013","5.4303776","52.9261877","2013-05-17T10:28:56Z","1","428"
"2014-2013","5.4301263","52.926261","2013-05-17T10:43:51Z","1","429"
"2014-2013","5.4301503","52.9263812","2013-05-17T10:58:48Z","1","430"
"2014-2013","5.4302926","52.9263219","2013-05-17T11:14:15Z","1","431"
"2014-2013","5.4301099","52.926415","2013-05-17T11:29:11Z","1","432"
"2014-2013","5.43015","52.926345","2013-05-17T11:44:09Z","1","433"
"2014-2013","5.4301335","52.9263417","2013-05-17T11:59:08Z","1","434"
"2014-2013","5.4301232","52.9263492","2013-05-17T12:14:03Z","1","435"
"2014-2013","5.4301486","52.926387","2013-05-17T12:28:55Z","1","436"
"2014-2013","5.4302295","52.9263707","2013-05-17T12:43:51Z","1","437"
"2014-2013","5.4303197","52.9264199","2013-05-17T12:58:49Z","1","438"
"2014-2013","5.4302815","52.9264212","2013-05-17T13:13:46Z","1","439"
"2014-2013","5.4303067","52.9263666","2013-05-17T13:29:08Z","1","440"
"2014-2013","5.4303443","52.9263591","2013-05-17T13:44:07Z","1","441"
"2014-2013","5.4303058","52.926443","2013-05-17T13:59:32Z","1","442"
"2014-2013","5.4302076","52.9264562","2013-05-17T14:14:30Z","1","443"
"2014-2013","5.4301985","52.9264703","2013-05-17T14:29:26Z","1","444"
"2014-2013","5.4301542","52.9263691","2013-05-17T14:44:25Z","1","445"
"2014-2013","5.4300761","52.926406","2013-05-17T14:59:19Z","1","446"
"2014-2013","5.4300756","52.9264874","2013-05-17T15:14:30Z","1","447"
"2014-2013","5.4301582","52.9264821","2013-05-17T15:29:26Z","1","448"
"2014-2013","5.4300436","52.9263215","2013-05-17T15:44:27Z","1","449"
"2014-2013","5.4303705","52.9263236","2013-05-17T16:00:07Z","1","450"
"2014-2013","5.430178","52.9263577","2013-05-17T16:15:19Z","1","451"
"2014-2013","5.4304609","52.9262062","2013-05-17T16:30:13Z","1","452"
"2014-2013","5.4303136","52.9261898","2013-05-17T16:45:25Z","1","453"
"2014-2013","5.4302783","52.9263735","2013-05-17T17:00:21Z","1","454"
"2014-2013","5.4302714","52.9263371","2013-05-17T17:15:18Z","1","455"
"2014-2013","5.4397017","52.9307978","2013-05-17T17:31:49Z","1","456"
"2014-2013","5.4377407","52.930814","2013-05-17T17:47:19Z","1","457"
"2014-2013","5.4379106","52.9306118","2013-05-17T18:02:37Z","1","458"
"2014-2013","5.4379168","52.930642","2013-05-17T18:17:40Z","1","459"
"2014-2013","5.4378462","52.9306637","2013-05-17T18:32:52Z","1","460"
"2014-2013","5.4378331","52.9306661","2013-05-17T18:47:48Z","1","461"
"2014-2013","5.4378576","52.9306955","2013-05-17T19:03:00Z","1","462"
"2014-2013","5.4378449","52.9306911","2013-05-17T19:17:57Z","1","463"
"2014-2013","5.4377991","52.9306988","2013-05-17T19:33:08Z","1","464"
"2014-2013","5.4377789","52.9307984","2013-05-17T19:48:17Z","1","465"
"2014-2013","5.437767","52.9308045","2013-05-17T20:03:42Z","1","466"
"2014-2013","5.4379756","52.930851","2013-05-17T20:20:18Z","1","467"
"2014-2013","5.4378469","52.930903","2013-05-17T20:35:17Z","1","468"
"2014-2013","5.4379558","52.9308397","2013-05-17T20:50:23Z","1","469"
"2014-2013","5.4379984","52.9308379","2013-05-17T21:05:34Z","1","470"
"2014-2013","5.4394105","52.9308715","2013-05-17T21:20:51Z","1","471"
"2014-2013","5.4394445","52.9308218","2013-05-17T21:35:48Z","1","472"
"2014-2013","5.4394489","52.9308222","2013-05-17T21:50:45Z","1","473"
"2014-2013","5.4394817","52.9308305","2013-05-17T22:06:08Z","1","474"
"2014-2013","5.4394328","52.9308352","2013-05-17T22:21:07Z","1","475"
"2014-2013","5.4394839","52.9308324","2013-05-17T22:36:18Z","1","476"
"2014-2013","5.4394622","52.930848","2013-05-17T22:51:16Z","1","477"
"2014-2013","5.4394523","52.9308389","2013-05-17T23:06:12Z","1","478"
"2014-2013","5.4394144","52.930861","2013-05-17T23:21:06Z","1","479"
"2014-2013","5.4393616","52.9309195","2013-05-17T23:36:16Z","1","480"
"2014-2013","5.439249","52.9308196","2013-05-17T23:51:16Z","1","481"
"2014-2013","5.4381361","52.9308454","2013-05-18T00:06:12Z","1","482"
"2014-2013","5.4380016","52.9308352","2013-05-18T00:21:38Z","1","483"
"2014-2013","5.4379655","52.930826","2013-05-18T00:36:50Z","1","484"
"2014-2013","5.4302328","52.926414","2013-05-18T00:52:02Z","1","485"
"2014-2013","5.4300257","52.9264444","2013-05-18T01:07:14Z","1","486"
"2014-2013","5.4301597","52.9263829","2013-05-18T01:23:30Z","1","487"
"2014-2013","5.4301561","52.9263928","2013-05-18T01:38:25Z","1","488"
"2014-2013","5.4304167","52.9262141","2013-05-18T01:53:40Z","1","489"
"2014-2013","5.4300025","52.9264639","2013-05-18T02:08:50Z","1","490"
"2014-2013","5.430282","52.9263562","2013-05-18T02:24:17Z","1","491"
"2014-2013","5.4299726","52.9264357","2013-05-18T02:39:13Z","1","492"
"2014-2013","5.4301376","52.9263733","2013-05-18T02:57:49Z","1","493"
"2014-2013","5.4300862","52.9264531","2013-05-18T03:13:23Z","1","494"
"2014-2013","5.4302427","52.9263443","2013-05-18T03:28:46Z","1","495"
"2014-2013","5.4301018","52.926383","2013-05-18T03:44:32Z","1","496"
"2014-2013","5.4299464","52.9264378","2013-05-18T03:59:46Z","1","497"
"2014-2013","5.4300746","52.9263702","2013-05-18T04:15:37Z","1","498"
"2014-2013","5.4301187","52.926392","2013-05-18T04:30:57Z","1","499"
"2014-2013","5.4300965","52.9264563","2013-05-18T04:46:09Z","1","500"
"2014-2013","5.4301247","52.9264136","2013-05-18T05:01:37Z","1","501"
"2014-2013","5.4300965","52.9263537","2013-05-18T05:16:48Z","1","502"
"2014-2013","5.4301199","52.9263284","2013-05-18T05:32:09Z","1","503"
"2014-2013","5.4303112","52.9263402","2013-05-18T05:48:59Z","1","504"
"2014-2013","5.4303749","52.9263497","2013-05-18T06:04:15Z","1","505"
"2014-2013","5.4299975","52.9264504","2013-05-18T06:19:44Z","1","506"
"2014-2013","5.430112","52.926389","2013-05-18T06:34:59Z","1","507"
"2014-2013","5.4301074","52.926396","2013-05-18T06:50:38Z","1","508"
"2014-2013","5.4303946","52.926378","2013-05-18T07:05:53Z","1","509"
"2014-2013","5.4303946","52.9263698","2013-05-18T07:21:22Z","1","510"
"2014-2013","5.4304516","52.9263702","2013-05-18T07:36:32Z","1","511"
"2014-2013","5.4300769","52.9263548","2013-05-18T07:52:10Z","1","512"
"2014-2013","5.4302153","52.926331","2013-05-18T08:07:40Z","1","513"
"2014-2013","5.4300647","52.926424","2013-05-18T08:23:06Z","1","514"
"2014-2013","5.4298682","52.9263743","2013-05-18T08:39:05Z","1","515"
"2014-2013","5.4302053","52.926308","2013-05-18T08:54:34Z","1","516"
"2014-2013","5.4302179","52.9263359","2013-05-18T09:09:51Z","1","517"
"2014-2013","5.4302676","52.9263173","2013-05-18T09:25:03Z","1","518"
"2014-2013","5.4303988","52.9263163","2013-05-18T09:41:16Z","1","519"
"2014-2013","5.4299803","52.9264237","2013-05-18T09:58:35Z","1","520"
"2014-2013","5.4302385","52.9263414","2013-05-18T10:14:01Z","1","521"
"2014-2013","5.4302095","52.9264498","2013-05-18T10:29:14Z","1","522"
"2014-2013","5.4303905","52.9262583","2013-05-18T10:44:45Z","1","523"
"2014-2013","5.4303141","52.9263624","2013-05-18T11:00:12Z","1","524"
"2014-2013","5.4302585","52.9263315","2013-05-18T11:16:08Z","1","525"
"2014-2013","5.4302386","52.9263275","2013-05-18T11:31:37Z","1","526"
"2014-2013","5.4303348","52.9263255","2013-05-18T11:47:20Z","1","527"
"2014-2013","5.4304353","52.9263555","2013-05-18T12:03:08Z","1","528"
"2014-2013","5.430426","52.9263572","2013-05-18T12:18:21Z","1","529"
"2014-2013","5.4304218","52.9263645","2013-05-18T12:33:33Z","1","530"
"2014-2013","5.4305193","52.9263133","2013-05-18T12:49:02Z","1","531"
"2014-2013","5.4304399","52.9264192","2013-05-18T13:04:13Z","1","532"
"2014-2013","5.4302138","52.9263675","2013-05-18T13:19:26Z","1","533"
"2014-2013","5.4303404","52.926207","2013-05-18T13:34:38Z","1","534"
"2014-2013","5.430436","52.9263369","2013-05-18T13:50:08Z","1","535"
"2014-2013","5.4304922","52.9262319","2013-05-18T14:05:14Z","1","536"
"2014-2013","5.4303663","52.9264474","2013-05-18T14:20:13Z","1","537"
"2014-2013","5.4303962","52.9263609","2013-05-18T14:35:41Z","1","538"
"2014-2013","5.4304295","52.9263294","2013-05-18T14:50:36Z","1","539"
"2014-2013","5.4304823","52.9263528","2013-05-18T15:05:32Z","1","540"
"2014-2013","5.4304398","52.9264183","2013-05-18T15:20:44Z","1","541"
"2014-2013","5.4304685","52.9263983","2013-05-18T15:35:40Z","1","542"
"2014-2013","5.4299879","52.9264394","2013-05-18T15:51:07Z","1","543"
"2014-2013","5.4302386","52.9263961","2013-05-18T16:06:38Z","1","544"
"2014-2013","5.4301648","52.9263987","2013-05-18T16:21:32Z","1","545"
"2014-2013","5.4308579","52.9265209","2013-05-18T16:36:28Z","1","546"
"2014-2013","5.430421","52.9262589","2013-05-18T16:51:40Z","1","547"
"2014-2013","5.4304409","52.9263173","2013-05-18T17:06:55Z","1","548"
"2014-2013","5.4301981","52.9263246","2013-05-18T17:22:19Z","1","549"
"2014-2013","5.4304054","52.9263796","2013-05-18T17:37:31Z","1","550"
"2014-2013","5.4306712","52.9261353","2013-05-18T17:52:28Z","1","551"
"2014-2013","5.4302233","52.926025","2013-05-18T18:07:31Z","1","552"
"2014-2013","5.4306488","52.9261183","2013-05-18T18:22:40Z","1","553"
"2014-2013","5.4377579","52.9306274","2013-05-18T18:37:51Z","1","554"
"2014-2013","5.437764","52.9306642","2013-05-18T18:52:52Z","1","555"
"2014-2013","5.4393116","52.9311143","2013-05-18T19:08:08Z","1","556"
"2014-2013","5.4393546","52.9311311","2013-05-18T19:23:06Z","1","557"
"2014-2013","5.4393442","52.931158","2013-05-18T19:38:15Z","1","558"
"2014-2013","5.4394074","52.931228","2013-05-18T19:53:25Z","1","559"
"2014-2013","5.4393668","52.9311898","2013-05-18T20:09:08Z","1","560"
"2014-2013","5.4393404","52.9311851","2013-05-18T20:24:11Z","1","561"
"2014-2013","5.4394516","52.9312124","2013-05-18T20:39:07Z","1","562"
"2014-2013","5.4394088","52.9311703","2013-05-18T20:54:02Z","1","563"
"2014-2013","5.439428","52.9311727","2013-05-18T21:08:58Z","1","564"
"2014-2013","5.4393892","52.9311753","2013-05-18T21:23:54Z","1","565"
"2014-2013","5.439403","52.9311862","2013-05-18T21:38:50Z","1","566"
"2014-2013","5.4394095","52.9311859","2013-05-18T21:54:01Z","1","567"
"2014-2013","5.4393923","52.9311789","2013-05-18T22:08:57Z","1","568"
"2014-2013","5.4393692","52.9311798","2013-05-18T22:23:54Z","1","569"
"2014-2013","5.4394065","52.9311961","2013-05-18T22:38:50Z","1","570"
"2014-2013","5.4392572","52.9312095","2013-05-18T22:53:53Z","1","571"
"2014-2013","5.4393164","52.9311688","2013-05-18T23:09:09Z","1","572"
"2014-2013","5.4393033","52.931171","2013-05-18T23:24:24Z","1","573"
"2014-2013","5.4392891","52.9311641","2013-05-18T23:39:51Z","1","574"
"2014-2013","5.4397135","52.9308885","2013-05-18T23:55:09Z","1","575"
"2014-2013","5.4396838","52.9308648","2013-05-19T00:10:03Z","1","576"
"2014-2013","5.4303085","52.9265091","2013-05-19T00:25:14Z","1","577"
"2014-2013","5.430043","52.9264339","2013-05-19T00:40:08Z","1","578"
"2014-2013","5.4299768","52.9264352","2013-05-19T00:55:04Z","1","579"
"2014-2013","5.4301306","52.9263944","2013-05-19T01:10:30Z","1","580"
"2014-2013","5.4305953","52.9260053","2013-05-19T01:25:30Z","1","581"
"2014-2013","5.4305089","52.9261102","2013-05-19T01:40:35Z","1","582"
"2014-2013","5.4304171","52.9260263","2013-05-19T01:55:36Z","1","583"
"2014-2013","5.4302822","52.9263362","2013-05-19T02:11:02Z","1","584"
"2014-2013","5.4300363","52.926448","2013-05-19T02:26:00Z","1","585"
"2014-2013","5.4299384","52.926428","2013-05-19T02:40:58Z","1","586"
"2014-2013","5.4301536","52.92643","2013-05-19T02:58:33Z","1","587"
"2014-2013","5.4214005","52.9329701","2013-05-19T03:13:27Z","1","588"
"2014-2013","5.4301771","52.9263661","2013-05-19T03:28:23Z","1","589"
"2014-2013","5.4302362","52.9263718","2013-05-19T03:43:35Z","1","590"
"2014-2013","5.4301532","52.9264185","2013-05-19T03:58:32Z","1","591"
"2014-2013","5.4302029","52.9263617","2013-05-19T04:13:40Z","1","592"
"2014-2013","5.4303352","52.9263331","2013-05-19T04:29:05Z","1","593"
"2014-2013","5.4303334","52.9263117","2013-05-19T04:44:07Z","1","594"
"2014-2013","5.4303011","52.9263332","2013-05-19T04:59:19Z","1","595"
"2014-2013","5.4303216","52.926303","2013-05-19T05:14:15Z","1","596"
"2014-2013","5.4303582","52.9263466","2013-05-19T05:29:11Z","1","597"
"2014-2013","5.4304787","52.9263268","2013-05-19T05:44:06Z","1","598"
"2014-2013","5.4303376","52.9264579","2013-05-19T05:59:04Z","1","599"
"2014-2013","5.4304329","52.926365","2013-05-19T06:14:38Z","1","600"
"2014-2013","5.4304363","52.9262989","2013-05-19T06:29:43Z","1","601"
"2014-2013","5.4301453","52.92637","2013-05-19T06:44:38Z","1","602"
"2014-2013","5.4301685","52.9263913","2013-05-19T06:59:35Z","1","603"
"2014-2013","5.4301616","52.9263656","2013-05-19T07:14:31Z","1","604"
"2014-2013","5.4301673","52.9264155","2013-05-19T07:29:26Z","1","605"
"2014-2013","5.4303831","52.9263863","2013-05-19T07:44:22Z","1","606"
"2014-2013","5.4304073","52.9263883","2013-05-19T07:59:19Z","1","607"
"2014-2013","5.4305134","52.9263412","2013-05-19T08:14:15Z","1","608"
"2014-2013","5.4303787","52.9263854","2013-05-19T08:29:09Z","1","609"
"2014-2013","5.4303227","52.926488","2013-05-19T08:44:07Z","1","610"
"2014-2013","5.4302787","52.9264653","2013-05-19T08:59:02Z","1","611"
"2014-2013","5.4301799","52.926409","2013-05-19T09:14:10Z","1","612"
"2014-2013","5.4301794","52.9263398","2013-05-19T09:29:52Z","1","613"
"2014-2013","5.4300253","52.9263621","2013-05-19T09:45:04Z","1","614"
"2014-2013","5.4302701","52.9263436","2013-05-19T10:00:38Z","1","615"
"2014-2013","5.4302639","52.9263412","2013-05-19T10:15:49Z","1","616"
"2014-2013","5.4303224","52.9263389","2013-05-19T10:30:44Z","1","617"
"2014-2013","5.4304148","52.9263433","2013-05-19T11:01:25Z","1","618"
"2014-2013","5.4300981","52.9264432","2013-05-19T11:31:29Z","1","619"
"2014-2013","5.430167","52.9263462","2013-05-19T12:02:38Z","1","620"
"2014-2013","5.4303204","52.9263281","2013-05-19T12:32:39Z","1","621"
"2014-2013","5.4303026","52.9263395","2013-05-19T13:02:45Z","1","622"
"2014-2013","5.430368","52.9262583","2013-05-19T13:32:36Z","1","623"
"2014-2013","5.4304242","52.9263459","2013-05-19T14:02:56Z","1","624"
"2014-2013","5.4300927","52.9263953","2013-05-19T14:32:54Z","1","625"
"2014-2013","5.4304669","52.9263435","2013-05-19T15:02:47Z","1","626"
"2014-2013","5.4301486","52.9264643","2013-05-19T15:34:23Z","1","627"
"2014-2013","5.4300738","52.9264221","2013-05-19T16:04:38Z","1","628"
"2014-2013","5.4301872","52.9264052","2013-05-19T16:34:25Z","1","629"
"2014-2013","5.4302149","52.9264378","2013-05-19T17:06:21Z","1","630"
"2014-2013","5.4300497","52.9263697","2013-05-19T17:38:14Z","1","631"
"2014-2013","5.4299922","52.9263972","2013-05-19T18:08:02Z","1","632"
"2014-2013","5.4307137","52.9257341","2013-05-19T18:38:00Z","1","633"
"2014-2013","5.4307499","52.925776","2013-05-19T19:08:32Z","1","634"
"2014-2013","5.4394687","52.9308592","2013-05-19T19:38:57Z","1","635"
"2014-2013","5.4394282","52.9309163","2013-05-19T20:08:52Z","1","636"
"2014-2013","5.4393015","52.9310553","2013-05-19T20:38:41Z","1","637"
"2014-2013","5.4392861","52.9310659","2013-05-19T21:08:34Z","1","638"
"2014-2013","5.439292","52.9310808","2013-05-19T21:38:29Z","1","639"
"2014-2013","5.4392945","52.9310757","2013-05-19T22:08:38Z","1","640"
"2014-2013","5.4392974","52.9310551","2013-05-19T22:38:40Z","1","641"
"2014-2013","5.4393036","52.9310679","2013-05-19T23:08:32Z","1","642"
"2014-2013","5.4393308","52.9310662","2013-05-19T23:38:23Z","1","643"
"2014-2013","5.4393063","52.9310791","2013-05-20T00:08:18Z","1","644"
"2014-2013","5.4305153","52.9258451","2013-05-20T00:38:26Z","1","645"
"2014-2013","5.430393","52.9259693","2013-05-20T01:08:39Z","1","646"
"2014-2013","5.4303802","52.926093","2013-05-20T01:39:21Z","1","647"
"2014-2013","5.4302894","52.9261625","2013-05-20T02:09:38Z","1","648"
"2014-2013","5.430124","52.9264495","2013-05-20T02:39:26Z","1","649"
"2014-2013","5.4301783","52.9264785","2013-05-20T03:09:17Z","1","650"
"2014-2013","5.4302784","52.9263719","2013-05-20T03:39:46Z","1","651"
"2014-2013","5.4303138","52.9264616","2013-05-20T04:09:44Z","1","652"
"2014-2013","5.4299936","52.9263934","2013-05-20T04:39:55Z","1","653"
"2014-2013","5.4300625","52.9263874","2013-05-20T05:10:09Z","1","654"
"2014-2013","5.4303318","52.9263253","2013-05-20T05:40:00Z","1","655"
"2014-2013","5.4302797","52.9263147","2013-05-20T06:09:53Z","1","656"
"2014-2013","5.4300066","52.926354","2013-05-20T06:39:45Z","1","657"
"2014-2013","5.4302499","52.9262305","2013-05-20T07:09:34Z","1","658"
"2014-2013","5.4302183","52.926097","2013-05-20T07:39:58Z","1","659"
"2014-2013","5.4301746","52.9264105","2013-05-20T08:10:36Z","1","660"
"2014-2013","5.4301492","52.9263922","2013-05-20T08:40:31Z","1","661"
"2014-2013","5.4301156","52.9263412","2013-05-20T09:11:07Z","1","662"
"2014-2013","5.4304256","52.9263768","2013-05-20T09:41:01Z","1","663"
"2014-2013","5.4303953","52.9262447","2013-05-20T10:11:08Z","1","664"
"2014-2013","5.4304721","52.9263146","2013-05-20T10:41:49Z","1","665"
"2014-2013","5.4303432","52.9260072","2013-05-20T11:11:56Z","1","666"
"2014-2013","5.4302691","52.9262895","2013-05-20T11:41:50Z","1","667"
"2014-2013","5.4303142","52.9262979","2013-05-20T12:13:51Z","1","668"
"2014-2013","5.4303973","52.9263298","2013-05-20T12:44:56Z","1","669"
"2014-2013","5.4302505","52.9263154","2013-05-20T13:14:50Z","1","670"
"2014-2013","5.4300715","52.9264221","2013-05-20T13:44:42Z","1","671"
"2014-2013","5.4301237","52.9263849","2013-05-20T14:14:35Z","1","672"
"2014-2013","5.4302536","52.9259852","2013-05-20T14:44:27Z","1","673"
"2014-2013","5.4299512","52.9264049","2013-05-20T15:14:50Z","1","674"
"2014-2013","5.4304376","52.9261523","2013-05-20T15:44:43Z","1","675"
"2014-2013","5.4305045","52.9260984","2013-05-20T16:15:08Z","1","676"
"2014-2013","5.4303997","52.9261499","2013-05-20T16:44:59Z","1","677"
"2014-2013","5.4302953","52.9261156","2013-05-20T17:14:48Z","1","678"
"2014-2013","5.43022","52.9260035","2013-05-20T17:45:01Z","1","679"
"2014-2013","5.4302788","52.9261379","2013-05-20T18:14:48Z","1","680"
"2014-2013","5.4393891","52.9310932","2013-05-20T18:45:08Z","1","681"
"2014-2013","5.439537","52.9307171","2013-05-20T19:15:05Z","1","682"
"2014-2013","5.4396928","52.9307013","2013-05-20T19:45:18Z","1","683"
"2014-2013","5.4396524","52.9307323","2013-05-20T20:16:09Z","1","684"
"2014-2013","5.4396299","52.9306826","2013-05-20T20:45:59Z","1","685"
"2014-2013","5.4396279","52.9307311","2013-05-20T21:15:55Z","1","686"
"2014-2013","5.4396886","52.9306487","2013-05-20T21:45:44Z","1","687"
"2014-2013","5.4396756","52.9306273","2013-05-20T22:15:39Z","1","688"
"2014-2013","5.4396494","52.9306474","2013-05-20T22:45:49Z","1","689"
"2014-2013","5.4398157","52.9306413","2013-05-20T23:16:05Z","1","690"
"2014-2013","5.439805","52.9306358","2013-05-20T23:45:57Z","1","691"
"2014-2013","5.4398346","52.9305835","2013-05-21T00:15:57Z","1","692"
"2014-2013","5.4305302","52.9258666","2013-05-21T00:46:02Z","1","693"
"2014-2013","5.430652","52.9259031","2013-05-21T01:16:38Z","1","694"
"2014-2013","5.4304604","52.9263734","2013-05-21T01:46:31Z","1","695"
"2014-2013","5.430447","52.9257754","2013-05-21T02:16:23Z","1","696"
"2014-2013","5.4306771","52.9259091","2013-05-21T02:46:15Z","1","697"
"2014-2013","5.4307661","52.9259294","2013-05-21T03:16:06Z","1","698"
"2014-2013","5.4302805","52.9263931","2013-05-21T03:46:31Z","1","699"
"2014-2013","5.4303649","52.926427","2013-05-21T04:16:20Z","1","700"
"2014-2013","5.4304142","52.9264322","2013-05-21T04:46:28Z","1","701"
"2014-2013","5.430383","52.9263248","2013-05-21T05:16:19Z","1","702"
"2014-2013","5.4304149","52.926329","2013-05-21T05:46:12Z","1","703"
"2014-2013","5.4303129","52.9263448","2013-05-21T06:16:38Z","1","704"
"2014-2013","5.4303162","52.9264396","2013-05-21T06:46:27Z","1","705"
"2014-2013","5.4308436","52.9257659","2013-05-21T07:16:37Z","1","706"
"2014-2013","5.4303656","52.9264337","2013-05-21T07:46:26Z","1","707"
"2014-2013","5.4305033","52.9264877","2013-05-21T08:16:20Z","1","708"
"2014-2013","5.4305237","52.9262816","2013-05-21T08:46:38Z","1","709"
"2014-2013","5.4304967","52.9262921","2013-05-21T09:16:44Z","1","710"
"2014-2013","5.4304712","52.9262414","2013-05-21T09:47:25Z","1","711"
"2014-2013","5.4304231","52.9262108","2013-05-21T10:17:38Z","1","712"
"2014-2013","5.4303972","52.9262296","2013-05-21T10:47:29Z","1","713"
"2014-2013","5.430319","52.9263228","2013-05-21T11:17:38Z","1","714"
"2014-2013","5.4306646","52.9258634","2013-05-21T11:47:31Z","1","715"
"2014-2013","5.4303549","52.9264357","2013-05-21T12:17:38Z","1","716"
"2014-2013","5.4303014","52.9263167","2013-05-21T12:47:33Z","1","717"
"2014-2013","5.4303171","52.9264095","2013-05-21T13:17:29Z","1","718"
"2014-2013","5.4304524","52.9261848","2013-05-21T13:48:08Z","1","719"
"2014-2013","5.4304938","52.9263361","2013-05-21T14:18:07Z","1","720"
"2014-2013","5.4304176","52.926394","2013-05-21T14:48:01Z","1","721"
"2014-2013","5.4306943","52.9258537","2013-05-21T15:17:53Z","1","722"
"2014-2013","5.4306436","52.9257603","2013-05-21T15:47:48Z","1","723"
"2014-2013","5.4304568","52.9261055","2013-05-21T16:18:08Z","1","724"
"2014-2013","5.4304161","52.9261829","2013-05-21T16:48:00Z","1","725"
"2014-2013","5.4304044","52.9262364","2013-05-21T17:18:10Z","1","726"
"2014-2013","5.4302789","52.9261947","2013-05-21T17:48:48Z","1","727"
"2014-2013","5.4306388","52.9258622","2013-05-21T18:18:43Z","1","728"
"2014-2013","5.4305559","52.9260678","2013-05-21T18:49:08Z","1","729"
"2014-2013","5.4307068","52.9257785","2013-05-21T19:19:11Z","1","730"
"2014-2013","5.4306994","52.9257856","2013-05-21T19:49:35Z","1","731"
"2014-2013","5.4307232","52.9257832","2013-05-21T20:19:26Z","1","732"
"2014-2013","5.4307008","52.9257809","2013-05-21T20:49:19Z","1","733"
"2014-2013","5.4306922","52.9257967","2013-05-21T21:19:26Z","1","734"
"2014-2013","5.4306768","52.9257997","2013-05-21T21:49:29Z","1","735"
"2014-2013","5.4307038","52.9257962","2013-05-21T22:19:56Z","1","736"
"2014-2013","5.4307111","52.9258095","2013-05-21T22:49:59Z","1","737"
"2014-2013","5.4305948","52.9258311","2013-05-21T23:20:09Z","1","738"
"2014-2013","5.4307084","52.9258032","2013-05-21T23:50:36Z","1","739"
"2014-2013","5.4305289","52.9258947","2013-05-22T00:20:28Z","1","740"
"2014-2013","5.430485","52.9261132","2013-05-22T00:50:22Z","1","741"
"2014-2013","5.4304691","52.9260714","2013-05-22T01:20:16Z","1","742"
"2014-2013","5.430195","52.9262095","2013-05-22T01:50:10Z","1","743"
"2014-2013","5.4303613","52.9264336","2013-05-22T02:20:56Z","1","744"
"2014-2013","5.4307035","52.9257942","2013-05-22T02:51:08Z","1","745"
"2014-2013","5.4307336","52.9258799","2013-05-22T03:21:13Z","1","746"
"2014-2013","5.430382","52.9262194","2013-05-22T03:51:23Z","1","747"
"2014-2013","5.4304196","52.9263446","2013-05-22T04:21:38Z","1","748"
"2014-2013","5.430431","52.9262207","2013-05-22T04:51:55Z","1","749"
"2014-2013","5.4303606","52.9263807","2013-05-22T05:21:47Z","1","750"
"2014-2013","5.4303772","52.9261728","2013-05-22T05:51:38Z","1","751"
"2014-2013","5.4304375","52.9261125","2013-05-22T06:21:30Z","1","752"
"2014-2013","5.4303775","52.9263528","2013-05-22T06:51:38Z","1","753"
"2014-2013","5.4303587","52.9260779","2013-05-22T07:21:45Z","1","754"
"2014-2013","5.430365","52.9264566","2013-05-22T07:52:09Z","1","755"
"2014-2013","5.4303185","52.9263519","2013-05-22T08:22:10Z","1","756"
"2014-2013","5.4303954","52.9264604","2013-05-22T08:52:19Z","1","757"
"2014-2013","5.4302419","52.9264109","2013-05-22T09:22:28Z","1","758"
"2014-2013","5.4304333","52.9264038","2013-05-22T09:52:47Z","1","759"
"2014-2013","5.4303411","52.9263391","2013-05-22T10:11:02Z","1","760"
"2014-2013","5.4305316","52.9264106","2013-05-22T10:26:02Z","1","761"
"2014-2013","5.4299594","52.9264113","2013-05-22T10:40:56Z","1","762"
"2014-2013","5.4304148","52.9262191","2013-05-22T10:55:52Z","1","763"
"2014-2013","5.4303897","52.9262874","2013-05-22T11:12:56Z","1","764"
"2014-2013","5.4305281","52.9259727","2013-05-22T11:27:52Z","1","765"
"2014-2013","5.4305141","52.9259994","2013-05-22T11:43:21Z","1","766"
"2014-2013","5.4306303","52.9263463","2013-05-22T11:58:33Z","1","767"
"2014-2013","5.4304926","52.926505","2013-05-22T12:13:38Z","1","768"
"2014-2013","5.4304576","52.9264292","2013-05-22T12:29:38Z","1","769"
"2014-2013","5.4303767","52.9264387","2013-05-22T12:44:55Z","1","770"
"2014-2013","5.4303523","52.9261447","2013-05-22T13:01:12Z","1","771"
"2014-2013","5.4305102","52.9261345","2013-05-22T13:31:20Z","1","772"
"2014-2013","5.4304971","52.9260622","2013-05-22T13:46:15Z","1","773"
"2014-2013","5.4304211","52.9261399","2013-05-22T14:01:26Z","1","774"
"2014-2013","5.4304351","52.9260982","2013-05-22T14:16:40Z","1","775"
"2014-2013","5.4304728","52.9261041","2013-05-22T14:31:34Z","1","776"
"2014-2013","5.4304219","52.9263272","2013-05-22T14:46:31Z","1","777"
"2014-2013","5.4304176","52.9263358","2013-05-22T15:01:38Z","1","778"
"2014-2013","5.4304878","52.9260582","2013-05-22T15:16:48Z","1","779"
"2014-2013","5.4304733","52.9260022","2013-05-22T15:32:08Z","1","780"
"2014-2013","5.4304091","52.9260027","2013-05-22T16:02:01Z","1","781"
"2014-2013","5.4304538","52.9260953","2013-05-22T16:16:55Z","1","782"
"2014-2013","5.4304098","52.9260255","2013-05-22T16:31:54Z","1","783"
"2014-2013","5.4304386","52.9260753","2013-05-22T16:47:22Z","1","784"
"2014-2013","5.4304654","52.9260909","2013-05-22T17:02:38Z","1","785"
"2014-2013","5.4304743","52.9260344","2013-05-22T17:17:41Z","1","786"
"2014-2013","5.430412","52.9259845","2013-05-22T17:32:37Z","1","787"
"2014-2013","5.4303752","52.9259945","2013-05-22T17:47:34Z","1","788"
"2014-2013","5.4304546","52.9259902","2013-05-22T18:17:55Z","1","789"
"2014-2013","5.4303122","52.9261078","2013-05-22T18:48:05Z","1","790"
"2014-2013","5.4306991","52.9258175","2013-05-22T19:17:57Z","1","791"
"2014-2013","5.4306418","52.9257769","2013-05-22T19:47:48Z","1","792"
"2014-2013","5.4306668","52.925755","2013-05-22T20:17:41Z","1","793"
"2014-2013","5.4306584","52.9257281","2013-05-22T20:47:32Z","1","794"
"2014-2013","5.430575","52.9257496","2013-05-22T21:17:27Z","1","795"
"2014-2013","5.4306716","52.9257371","2013-05-22T21:47:27Z","1","796"
"2014-2013","5.430669","52.9257599","2013-05-22T22:17:38Z","1","797"
"2014-2013","5.4306586","52.9257737","2013-05-22T22:47:46Z","1","798"
"2014-2013","5.4305853","52.9257841","2013-05-22T23:17:51Z","1","799"
"2014-2013","5.4306944","52.9257393","2013-05-22T23:48:08Z","1","800"
"2014-2013","5.4301657","52.926423","2013-05-23T00:48:04Z","1","801"
"2014-2013","5.4303301","52.9261094","2013-05-23T01:47:47Z","1","802"
"2014-2013","5.4304177","52.9260584","2013-05-23T02:09:38Z","1","803"
"2014-2013","5.4305377","52.9265584","2013-05-23T02:24:34Z","1","804"
"2014-2013","5.4305198","52.9266404","2013-05-23T02:39:30Z","1","805"
"2014-2013","5.4306044","52.9257606","2013-05-23T02:54:57Z","1","806"
"2014-2013","5.4302583","52.927009","2013-05-23T03:10:09Z","1","807"
"2014-2013","5.4303878","52.9263821","2013-05-23T03:25:06Z","1","808"
"2014-2013","5.430312","52.9265766","2013-05-23T03:40:01Z","1","809"
"2014-2013","5.4303932","52.926574","2013-05-23T03:55:09Z","1","810"
"2014-2013","5.4304143","52.9263615","2013-05-23T04:10:38Z","1","811"
"2014-2013","5.4304929","52.9264803","2013-05-23T04:25:37Z","1","812"
"2014-2013","5.4304745","52.9264935","2013-05-23T04:40:33Z","1","813"
"2014-2013","5.4304267","52.926357","2013-05-23T04:55:45Z","1","814"
"2014-2013","5.4304309","52.9263488","2013-05-23T05:10:41Z","1","815"
"2014-2013","5.4305099","52.9264962","2013-05-23T05:25:37Z","1","816"
"2014-2013","5.4305505","52.9265263","2013-05-23T05:40:48Z","1","817"
"2014-2013","5.4305495","52.9265474","2013-05-23T05:56:33Z","1","818"
"2014-2013","5.4305236","52.9265344","2013-05-23T06:11:45Z","1","819"
"2014-2013","5.4304411","52.926368","2013-05-23T06:26:40Z","1","820"
"2014-2013","5.4304772","52.9263616","2013-05-23T06:41:37Z","1","821"
"2014-2013","5.430275","52.9265607","2013-05-23T07:11:12Z","1","822"
"2014-2013","5.4303109","52.9263681","2013-05-23T07:41:15Z","1","823"
"2014-2013","5.4305683","52.9259919","2013-05-23T08:11:38Z","1","824"
"2014-2013","5.4305072","52.9261264","2013-05-23T08:41:07Z","1","825"
"2014-2013","5.430446","52.9261766","2013-05-23T08:56:29Z","1","826"
"2014-2013","5.4304452","52.9261646","2013-05-23T09:11:40Z","1","827"
"2014-2013","5.4303201","52.9261341","2013-05-23T09:41:37Z","1","828"
"2014-2013","5.4306558","52.9258311","2013-05-23T10:11:07Z","1","829"
"2014-2013","5.4304676","52.92591","2013-05-23T10:41:02Z","1","830"
"2014-2013","5.4303593","52.9259543","2013-05-23T11:10:54Z","1","831"
"2014-2013","5.4304629","52.9258953","2013-05-23T11:40:40Z","1","832"
"2014-2013","5.4304298","52.9259867","2013-05-23T12:11:08Z","1","833"
"2014-2013","5.4303706","52.9260377","2013-05-23T12:26:06Z","1","834"
"2014-2013","5.4302959","52.926005","2013-05-23T12:41:05Z","1","835"
"2014-2013","5.4305189","52.9261152","2013-05-23T13:10:05Z","1","836"
"2014-2013","5.430455","52.9261253","2013-05-23T13:26:23Z","1","837"
"2014-2013","5.4302488","52.9261516","2013-05-23T13:41:19Z","1","838"
"2014-2013","5.4300559","52.9262319","2013-05-23T14:09:18Z","1","839"
"2014-2013","5.4300957","52.9261338","2013-05-23T14:24:35Z","1","840"
"2014-2013","5.4303948","52.9256382","2013-05-23T14:39:41Z","1","841"
"2014-2013","5.4306864","52.9256513","2013-05-23T14:55:08Z","1","842"
"2014-2013","5.430184","52.9261245","2013-05-23T15:10:21Z","1","843"
"2014-2013","5.430293","52.9260729","2013-05-23T15:25:19Z","1","844"
"2014-2013","5.4303741","52.9260833","2013-05-23T15:40:24Z","1","845"
"2014-2013","5.4303589","52.9265029","2013-05-23T15:55:38Z","1","846"
"2014-2013","5.4304541","52.9264827","2013-05-23T16:11:09Z","1","847"
"2014-2013","5.4304191","52.9264977","2013-05-23T16:26:04Z","1","848"
"2014-2013","5.4304631","52.9264411","2013-05-23T16:41:01Z","1","849"
"2014-2013","5.4304355","52.9261091","2013-05-23T16:56:13Z","1","850"
"2014-2013","5.4304896","52.9260655","2013-05-23T17:11:08Z","1","851"
"2014-2013","5.4304743","52.9260068","2013-05-23T17:26:55Z","1","852"
"2014-2013","5.4303001","52.9261368","2013-05-23T17:41:53Z","1","853"
"2014-2013","5.4303659","52.9261118","2013-05-23T18:12:38Z","1","854"
"2014-2013","5.4306275","52.9258335","2013-05-23T18:43:19Z","1","855"
"2014-2013","5.4306801","52.9257447","2013-05-23T19:13:20Z","1","856"
"2014-2013","5.4306719","52.9257802","2013-05-23T19:43:23Z","1","857"
"2014-2013","5.4306253","52.9257523","2013-05-23T20:13:39Z","1","858"
"2014-2013","5.4306218","52.9257587","2013-05-23T20:43:56Z","1","859"
"2014-2013","5.4306122","52.9257572","2013-05-23T21:14:07Z","1","860"
"2014-2013","5.430604","52.9257721","2013-05-23T21:44:00Z","1","861"
"2014-2013","5.4306098","52.9257645","2013-05-23T22:14:01Z","1","862"
"2014-2013","5.4306894","52.9257559","2013-05-23T22:44:19Z","1","863"
"2014-2013","5.430695","52.9257544","2013-05-23T23:14:33Z","1","864"
"2014-2013","5.4306632","52.9257457","2013-05-23T23:44:43Z","1","865"
"2014-2013","5.4306912","52.9257293","2013-05-24T00:14:35Z","1","866"
"2014-2013","5.430457","52.9259485","2013-05-24T00:44:28Z","1","867"
"2014-2013","5.4304485","52.9259798","2013-05-24T01:14:26Z","1","868"
"2014-2013","5.4304611","52.9259962","2013-05-24T01:42:52Z","1","869"
"2014-2013","5.4304887","52.9261326","2013-05-24T01:57:55Z","1","870"
"2014-2013","5.4303903","52.9261039","2013-05-24T02:13:38Z","1","871"
"2014-2013","5.4305685","52.9264245","2013-05-24T02:29:07Z","1","872"
"2014-2013","5.430701","52.926357","2013-05-24T02:45:24Z","1","873"
"2014-2013","5.4307926","52.9257352","2013-05-24T03:01:08Z","1","874"
"2014-2013","5.4305018","52.9261605","2013-05-24T03:16:39Z","1","875"
"2014-2013","5.4304005","52.9265133","2013-05-24T03:31:53Z","1","876"
"2014-2013","5.4303246","52.9264063","2013-05-24T03:47:35Z","1","877"
"2014-2013","5.4303264","52.9263947","2013-05-24T04:03:04Z","1","878"
"2014-2013","5.4299677","52.9264115","2013-05-24T04:20:07Z","1","879"
"2014-2013","5.4301746","52.9264131","2013-05-24T04:35:04Z","1","880"
"2014-2013","5.4303618","52.926512","2013-05-24T04:49:59Z","1","881"
"2014-2013","5.4304226","52.9264694","2013-05-24T05:05:27Z","1","882"
"2014-2013","5.4301516","52.9264253","2013-05-24T05:20:39Z","1","883"
"2014-2013","5.4305174","52.9259981","2013-05-24T05:35:35Z","1","884"
"2014-2013","5.4304283","52.9264944","2013-05-24T05:50:32Z","1","885"
"2014-2013","5.430298","52.9264034","2013-05-24T06:06:02Z","1","886"
"2014-2013","5.430224","52.9264662","2013-05-24T06:20:57Z","1","887"
"2014-2013","5.4303445","52.9263808","2013-05-24T06:35:52Z","1","888"
"2014-2013","5.4303182","52.9263793","2013-05-24T06:50:46Z","1","889"
"2014-2013","5.4302689","52.9262584","2013-05-24T07:05:55Z","1","890"
"2014-2013","5.4303032","52.9262826","2013-05-24T07:21:04Z","1","891"
"2014-2013","5.4303769","52.9262311","2013-05-24T07:36:06Z","1","892"
"2014-2013","5.4302452","52.9262819","2013-05-24T07:51:22Z","1","893"
"2014-2013","5.430314","52.9263361","2013-05-24T08:06:15Z","1","894"
"2014-2013","5.4303101","52.926314","2013-05-24T08:21:11Z","1","895"
"2014-2013","5.4303106","52.9263492","2013-05-24T08:36:06Z","1","896"
"2014-2013","5.4303512","52.9264081","2013-05-24T08:51:03Z","1","897"
"2014-2013","5.4304919","52.925965","2013-05-24T09:05:57Z","1","898"
"2014-2013","5.4303273","52.9258064","2013-05-24T09:21:01Z","1","899"
"2014-2013","5.4304646","52.9257921","2013-05-24T09:46:50Z","1","900"
"2014-2013","5.4305824","52.9258732","2013-05-24T10:17:08Z","1","901"
"2014-2013","5.4304676","52.9263384","2013-05-24T10:32:20Z","1","902"
"2014-2013","5.4304383","52.9263536","2013-05-24T10:47:17Z","1","903"
"2014-2013","5.4304237","52.9263255","2013-05-24T11:02:13Z","1","904"
"2014-2013","5.429167","52.9270216","2013-05-24T11:17:25Z","1","905"
"2014-2013","5.4297288","52.9273148","2013-05-24T11:47:05Z","1","906"
"2014-2013","5.4297952","52.9272199","2013-05-24T12:17:03Z","1","907"
"2014-2013","5.4294214","52.9273317","2013-05-24T12:47:00Z","1","908"
"2014-2013","5.4298261","52.927303","2013-05-24T13:17:10Z","1","909"
"2014-2013","5.4309135","52.9263785","2013-05-24T13:34:45Z","1","910"
"2014-2013","5.430575","52.9265974","2013-05-24T14:17:38Z","1","911"
"2014-2013","5.4305648","52.9265881","2013-05-24T14:32:55Z","1","912"
"2014-2013","5.4305586","52.9266261","2013-05-24T14:47:50Z","1","913"
"2014-2013","5.4304373","52.9265106","2013-05-24T15:17:08Z","1","914"
"2014-2013","5.4304598","52.926577","2013-05-24T15:34:27Z","1","915"
"2014-2013","5.4305546","52.9265312","2013-05-24T15:49:26Z","1","916"
"2014-2013","5.4305681","52.9265335","2013-05-24T16:04:35Z","1","917"
"2014-2013","5.4305211","52.9265429","2013-05-24T16:19:31Z","1","918"
"2014-2013","5.4304032","52.9261568","2013-05-24T16:34:38Z","1","919"
"2014-2013","5.4304652","52.926201","2013-05-24T16:49:49Z","1","920"
"2014-2013","5.4305609","52.9265954","2013-05-24T17:16:39Z","1","921"
"2014-2013","5.4305723","52.9263119","2013-05-24T17:32:02Z","1","922"
"2014-2013","5.4307255","52.9262156","2013-05-24T17:47:45Z","1","923"
"2014-2013","5.4305198","52.9261555","2013-05-24T18:18:12Z","1","924"
"2014-2013","5.4306292","52.9256242","2013-05-24T18:48:18Z","1","925"
"2014-2013","5.430709","52.9258097","2013-05-24T19:18:38Z","1","926"
"2014-2013","5.4307226","52.9258177","2013-05-24T19:48:36Z","1","927"
"2014-2013","5.4306896","52.9257829","2013-05-24T20:18:25Z","1","928"
"2014-2013","5.4307739","52.9258021","2013-05-24T20:48:32Z","1","929"
"2014-2013","5.43079","52.9258267","2013-05-24T21:18:45Z","1","930"
"2014-2013","5.4307665","52.9258028","2013-05-24T21:48:36Z","1","931"
"2014-2013","5.4307827","52.925816","2013-05-24T22:19:26Z","1","932"
"2014-2013","5.4308295","52.92585","2013-05-24T22:49:24Z","1","933"
"2014-2013","5.4307525","52.9257658","2013-05-24T23:19:16Z","1","934"
"2014-2013","5.4307761","52.9259053","2013-05-24T23:49:18Z","1","935"
"2014-2013","5.4305707","52.9260282","2013-05-25T00:49:53Z","1","936"
"2014-2013","5.4303437","52.9261243","2013-05-25T01:19:58Z","1","937"
"2014-2013","5.4303586","52.926305","2013-05-25T01:36:48Z","1","938"
"2014-2013","5.4304856","52.9264437","2013-05-25T02:00:00Z","1","939"
"2014-2013","5.4302341","52.9262424","2013-05-25T02:15:43Z","1","940"
"2014-2013","5.4302803","52.926099","2013-05-25T02:30:55Z","1","941"
"2014-2013","5.4303496","52.9260352","2013-05-25T02:45:51Z","1","942"
"2014-2013","5.4304083","52.9259964","2013-05-25T03:00:47Z","1","943"
"2014-2013","5.4303674","52.9263336","2013-05-25T03:15:43Z","1","944"
"2014-2013","5.4304525","52.926512","2013-05-25T03:30:42Z","1","945"
"2014-2013","5.430488","52.9265087","2013-05-25T03:48:08Z","1","946"
"2014-2013","5.430391","52.9264335","2013-05-25T04:03:26Z","1","947"
"2014-2013","5.4304652","52.9264265","2013-05-25T04:18:22Z","1","948"
"2014-2013","5.4305212","52.9264991","2013-05-25T04:33:17Z","1","949"
"2014-2013","5.4305226","52.9265467","2013-05-25T04:48:14Z","1","950"
"2014-2013","5.4303358","52.9263626","2013-05-25T05:04:30Z","1","951"
"2014-2013","5.4302959","52.9263881","2013-05-25T05:19:41Z","1","952"
"2014-2013","5.4303004","52.9263318","2013-05-25T05:34:37Z","1","953"
"2014-2013","5.4302953","52.9262062","2013-05-25T05:49:49Z","1","954"
"2014-2013","5.430218","52.9261826","2013-05-25T06:05:08Z","1","955"
"2014-2013","5.4303035","52.9261276","2013-05-25T06:20:15Z","1","956"
"2014-2013","5.4303706","52.9260581","2013-05-25T06:35:19Z","1","957"
"2014-2013","5.4303497","52.9262154","2013-05-25T06:50:22Z","1","958"
"2014-2013","5.4304312","52.9262135","2013-05-25T07:07:49Z","1","959"
"2014-2013","5.4304404","52.9262191","2013-05-25T07:23:04Z","1","960"
"2014-2013","5.429784","52.9273513","2013-05-25T07:53:17Z","1","961"
"2014-2013","5.4303212","52.9262025","2013-05-25T08:23:08Z","1","962"
"2014-2013","5.4305355","52.9271164","2013-05-25T08:53:01Z","1","963"
"2014-2013","5.4296907","52.9277836","2013-05-25T09:22:55Z","1","964"
"2014-2013","5.4298038","52.9278713","2013-05-25T09:37:48Z","1","965"
"2014-2013","5.4305317","52.9261243","2013-05-25T09:56:44Z","1","966"
"2014-2013","5.4304556","52.9261419","2013-05-25T10:26:38Z","1","967"
"2014-2013","5.4306971","52.9259826","2013-05-25T10:58:05Z","1","968"
"2014-2013","5.4305187","52.9260762","2013-05-25T11:28:13Z","1","969"
"2014-2013","5.4305514","52.9260157","2013-05-25T11:43:11Z","1","970"
"2014-2013","5.4305543","52.9262686","2013-05-25T11:58:03Z","1","971"
"2014-2013","5.4304101","52.9264017","2013-05-25T12:13:03Z","1","972"
"2014-2013","5.4299606","52.9277553","2013-05-25T12:27:57Z","1","973"
"2014-2013","5.4304794","52.926147","2013-05-25T12:43:08Z","1","974"
"2014-2013","5.4304818","52.9260996","2013-05-25T12:58:19Z","1","975"
"2014-2013","5.4304853","52.9260738","2013-05-25T13:13:30Z","1","976"
"2014-2013","5.4300963","52.9271852","2013-05-25T13:28:26Z","1","977"
"2014-2013","5.4298385","52.9274805","2013-05-25T13:57:31Z","1","978"
"2014-2013","5.4298105","52.927553","2013-05-25T14:12:26Z","1","979"
"2014-2013","5.4296706","52.9276633","2013-05-25T14:27:54Z","1","980"
"2014-2013","5.4297235","52.9276259","2013-05-25T14:43:01Z","1","981"
"2014-2013","5.4297585","52.9275635","2013-05-25T14:58:12Z","1","982"
"2014-2013","5.4297794","52.927495","2013-05-25T15:13:15Z","1","983"
"2014-2013","5.4298334","52.9274785","2013-05-25T15:28:56Z","1","984"
"2014-2013","5.4298972","52.927393","2013-05-25T15:43:54Z","1","985"
"2014-2013","5.4299489","52.9273888","2013-05-25T15:58:50Z","1","986"
"2014-2013","5.4299259","52.9274062","2013-05-25T16:14:08Z","1","987"
"2014-2013","5.4299","52.9274332","2013-05-25T16:29:13Z","1","988"
"2014-2013","5.4298753","52.9274526","2013-05-25T16:44:09Z","1","989"
"2014-2013","5.4298532","52.9274874","2013-05-25T16:59:04Z","1","990"
"2014-2013","5.4297472","52.9276059","2013-05-25T17:14:01Z","1","991"
"2014-2013","5.4305572","52.926097","2013-05-25T17:32:41Z","1","992"
"2014-2013","5.4304617","52.9260864","2013-05-25T18:02:36Z","1","993"
"2014-2013","5.4305667","52.9261086","2013-05-25T18:33:26Z","1","994"
"2014-2013","5.4307031","52.9258092","2013-05-25T19:04:23Z","1","995"
"2014-2013","5.4396754","52.9306679","2013-05-25T19:34:33Z","1","996"
"2014-2013","5.4379811","52.9308269","2013-05-25T20:04:28Z","1","997"
"2014-2013","5.4379941","52.9308093","2013-05-25T20:34:16Z","1","998"
"2014-2013","5.4379836","52.9308509","2013-05-25T21:04:43Z","1","999"
"2014-2013","5.4379982","52.9308475","2013-05-25T21:35:02Z","1","1000"
"2014-2013","5.4379225","52.9308978","2013-05-25T22:05:42Z","1","1001"
"2014-2013","5.4379066","52.9309177","2013-05-25T22:35:35Z","1","1002"
"2014-2013","5.4379151","52.9309142","2013-05-25T23:05:26Z","1","1003"
"2014-2013","5.4379088","52.9309074","2013-05-25T23:35:18Z","1","1004"
"2014-2013","5.4379094","52.930911","2013-05-26T00:05:38Z","1","1005"
"2014-2013","5.4300091","52.9277446","2013-05-26T00:36:58Z","1","1006"
"2014-2013","5.4298519","52.9273458","2013-05-26T01:06:49Z","1","1007"
"2014-2013","5.4304468","52.9260426","2013-05-26T01:36:09Z","1","1008"
"2014-2013","5.4304994","52.925944","2013-05-26T01:51:02Z","1","1009"
"2014-2013","5.4304995","52.9259915","2013-05-26T02:05:57Z","1","1010"
"2014-2013","5.4304387","52.926159","2013-05-26T02:20:55Z","1","1011"
"2014-2013","5.430419","52.9261796","2013-05-26T02:35:49Z","1","1012"
"2014-2013","5.4300023","52.9271619","2013-05-26T02:50:45Z","1","1013"
"2014-2013","5.4298638","52.9273066","2013-05-26T03:05:59Z","1","1014"
"2014-2013","5.4299361","52.9273922","2013-05-26T03:20:53Z","1","1015"
"2014-2013","5.4299937","52.9274702","2013-05-26T03:35:59Z","1","1016"
"2014-2013","5.4299084","52.9278002","2013-05-26T03:51:36Z","1","1017"
"2014-2013","5.4298578","52.927874","2013-05-26T04:06:28Z","1","1018"
"2014-2013","5.430537","52.9260872","2013-05-26T04:21:40Z","1","1019"
"2014-2013","5.4303235","52.9261319","2013-05-26T04:36:35Z","1","1020"
"2014-2013","5.4303238","52.9261944","2013-05-26T04:51:32Z","1","1021"
"2014-2013","5.4299672","52.9273332","2013-05-26T05:06:28Z","1","1022"
"2014-2013","5.4297862","52.9273945","2013-05-26T05:21:25Z","1","1023"
"2014-2013","5.4298878","52.9274223","2013-05-26T05:36:37Z","1","1024"
"2014-2013","5.4298727","52.9274293","2013-05-26T05:51:32Z","1","1025"
"2014-2013","5.4299195","52.9273904","2013-05-26T06:07:02Z","1","1026"
"2014-2013","5.4299178","52.9274106","2013-05-26T06:21:56Z","1","1027"
"2014-2013","5.4299556","52.9273781","2013-05-26T06:36:51Z","1","1028"
"2014-2013","5.4297312","52.9276247","2013-05-26T06:51:47Z","1","1029"
"2014-2013","5.4294408","52.9279626","2013-05-26T07:06:44Z","1","1030"
"2014-2013","5.4294828","52.9281966","2013-05-26T07:21:40Z","1","1031"
"2014-2013","5.4302772","52.9260538","2013-05-26T07:36:51Z","1","1032"
"2014-2013","5.4299446","52.9276199","2013-05-26T07:51:48Z","1","1033"
"2014-2013","5.4299262","52.9276757","2013-05-26T08:07:03Z","1","1034"
"2014-2013","5.4298694","52.9277323","2013-05-26T08:21:55Z","1","1035"
"2014-2013","5.4299976","52.9277151","2013-05-26T08:37:02Z","1","1036"
"2014-2013","5.4300314","52.9275944","2013-05-26T08:52:33Z","1","1037"
"2014-2013","5.4299292","52.9276653","2013-05-26T09:07:30Z","1","1038"
"2014-2013","5.4298431","52.9277126","2013-05-26T09:29:22Z","1","1039"
"2014-2013","5.4299681","52.9277748","2013-05-26T09:44:35Z","1","1040"
"2014-2013","5.4299717","52.9278131","2013-05-26T09:59:30Z","1","1041"
"2014-2013","5.4299525","52.9277926","2013-05-26T10:29:22Z","1","1042"
"2014-2013","5.430479","52.9260593","2013-05-26T10:50:26Z","1","1043"
"2014-2013","5.4304818","52.9260605","2013-05-26T11:05:22Z","1","1044"
"2014-2013","5.4305054","52.9260474","2013-05-26T11:29:38Z","1","1045"
"2014-2013","5.4305069","52.9260605","2013-05-26T11:44:33Z","1","1046"
"2014-2013","5.4305409","52.9259967","2013-05-26T11:59:29Z","1","1047"
"2014-2013","5.4305315","52.9260423","2013-05-26T12:29:24Z","1","1048"
"2014-2013","5.4299792","52.9277785","2013-05-26T12:59:18Z","1","1049"
"2014-2013","5.4299676","52.9278349","2013-05-26T13:29:32Z","1","1050"
"2014-2013","5.4299723","52.9281286","2013-05-26T13:59:09Z","1","1051"
"2014-2013","5.4299685","52.9277981","2013-05-26T14:14:38Z","1","1052"
"2014-2013","5.4299212","52.9278115","2013-05-26T14:58:56Z","1","1053"
"2014-2013","5.4299753","52.9278511","2013-05-26T15:29:02Z","1","1054"
"2014-2013","5.4299826","52.9278355","2013-05-26T15:44:35Z","1","1055"
"2014-2013","5.4298943","52.927888","2013-05-26T15:59:29Z","1","1056"
"2014-2013","5.4303308","52.9274726","2013-05-26T16:28:52Z","1","1057"
"2014-2013","5.4307295","52.925689","2013-05-26T16:44:36Z","1","1058"
"2014-2013","5.4298522","52.9258824","2013-05-26T17:00:08Z","1","1059"
"2014-2013","5.4308146","52.9255635","2013-05-26T17:15:12Z","1","1060"
"2014-2013","5.4308253","52.9258004","2013-05-26T17:30:07Z","1","1061"
"2014-2013","5.4397342","52.930864","2013-05-26T17:45:04Z","1","1062"
"2014-2013","5.4395941","52.9309421","2013-05-26T18:15:30Z","1","1063"
"2014-2013","5.4378824","52.9309096","2013-05-26T18:45:38Z","1","1064"
"2014-2013","5.4378642","52.9309129","2013-05-26T19:15:27Z","1","1065"
"2014-2013","5.4378626","52.9309225","2013-05-26T19:45:18Z","1","1066"
"2014-2013","5.4378858","52.9309172","2013-05-26T20:15:12Z","1","1067"
"2014-2013","5.4379285","52.9309093","2013-05-26T20:45:01Z","1","1068"
"2014-2013","5.4393732","52.9308754","2013-05-26T21:14:59Z","1","1069"
"2014-2013","5.4392978","52.930858","2013-05-26T21:44:59Z","1","1070"
"2014-2013","5.4379432","52.9309232","2013-05-26T22:15:08Z","1","1071"
"2014-2013","5.4401141","52.9306299","2013-05-26T22:45:18Z","1","1072"
"2014-2013","5.4400693","52.9306299","2013-05-26T23:15:28Z","1","1073"
"2014-2013","5.4401571","52.930621","2013-05-26T23:45:33Z","1","1074"
"2014-2013","5.4394538","52.9307594","2013-05-27T00:15:43Z","1","1075"
"2014-2013","5.430741","52.9258081","2013-05-27T00:45:32Z","1","1076"
"2014-2013","5.4307761","52.9259495","2013-05-27T01:15:35Z","1","1077"
"2014-2013","5.4306092","52.9260462","2013-05-27T01:30:36Z","1","1078"
"2014-2013","5.4305178","52.926006","2013-05-27T01:45:48Z","1","1079"
"2014-2013","5.4305421","52.9260055","2013-05-27T02:01:08Z","1","1080"
"2014-2013","5.4303441","52.9276058","2013-05-27T02:16:12Z","1","1081"
"2014-2013","5.4301685","52.9274546","2013-05-27T02:31:08Z","1","1082"
"2014-2013","5.4299256","52.9278613","2013-05-27T02:46:04Z","1","1083"
"2014-2013","5.4298435","52.9278775","2013-05-27T03:00:59Z","1","1084"
"2014-2013","5.4298956","52.9277248","2013-05-27T03:15:56Z","1","1085"
"2014-2013","5.429788","52.9278884","2013-05-27T03:31:05Z","1","1086"
"2014-2013","5.4298191","52.9278687","2013-05-27T03:46:03Z","1","1087"
"2014-2013","5.4298521","52.9279321","2013-05-27T04:00:59Z","1","1088"
"2014-2013","5.4298459","52.9279571","2013-05-27T04:16:11Z","1","1089"
"2014-2013","5.4305041","52.9261136","2013-05-27T04:31:23Z","1","1090"
"2014-2013","5.4299407","52.9278323","2013-05-27T04:46:35Z","1","1091"
"2014-2013","5.4298532","52.927821","2013-05-27T05:01:31Z","1","1092"
"2014-2013","5.4304884","52.9261078","2013-05-27T05:19:55Z","1","1093"
"2014-2013","5.4304806","52.9261263","2013-05-27T05:34:51Z","1","1094"
"2014-2013","5.430471","52.9260868","2013-05-27T05:49:48Z","1","1095"
"2014-2013","5.4305372","52.9260951","2013-05-27T06:20:08Z","1","1096"
"2014-2013","5.4305507","52.9260773","2013-05-27T06:50:23Z","1","1097"
"2014-2013","5.4304945","52.9260677","2013-05-27T07:05:15Z","1","1098"
"2014-2013","5.4305336","52.9260442","2013-05-27T07:29:02Z","1","1099"
"2014-2013","5.4307332","52.9258813","2013-05-27T07:59:06Z","1","1100"
"2014-2013","5.4304578","52.9259971","2013-05-27T08:29:04Z","1","1101"
"2014-2013","5.4304646","52.9260289","2013-05-27T08:59:30Z","1","1102"
"2014-2013","5.430532","52.9260159","2013-05-27T09:30:02Z","1","1103"
"2014-2013","5.4305032","52.9259934","2013-05-27T09:44:58Z","1","1104"
"2014-2013","5.4303565","52.926011","2013-05-27T09:59:53Z","1","1105"
"2014-2013","5.4305203","52.9260456","2013-05-27T10:28:58Z","1","1106"
"2014-2013","5.4308676","52.9255913","2013-05-27T10:58:50Z","1","1107"
"2014-2013","5.4305706","52.9258432","2013-05-27T11:28:42Z","1","1108"
"2014-2013","5.4305524","52.9258711","2013-05-27T11:43:36Z","1","1109"
"2014-2013","5.4304745","52.9259112","2013-05-27T11:58:47Z","1","1110"
"2014-2013","5.4304974","52.9258953","2013-05-27T12:14:08Z","1","1111"
"2014-2013","5.4306455","52.9260798","2013-05-27T12:29:22Z","1","1112"
"2014-2013","5.43044","52.9259279","2013-05-27T12:59:06Z","1","1113"
"2014-2013","5.4303659","52.9259934","2013-05-27T13:28:44Z","1","1114"
"2014-2013","5.4304775","52.9259107","2013-05-27T13:49:14Z","1","1115"
"2014-2013","5.4304981","52.9259721","2013-05-27T14:04:24Z","1","1116"
"2014-2013","5.4304707","52.9259784","2013-05-27T14:19:30Z","1","1117"
"2014-2013","5.430259","52.9274628","2013-05-27T14:34:49Z","1","1118"
"2014-2013","5.4300226","52.927609","2013-05-27T14:50:08Z","1","1119"
"2014-2013","5.4298824","52.9277167","2013-05-27T15:05:13Z","1","1120"
"2014-2013","5.4297955","52.9278775","2013-05-27T15:29:37Z","1","1121"
"2014-2013","5.4304951","52.926194","2013-05-27T15:44:39Z","1","1122"
"2014-2013","5.4297877","52.9278463","2013-05-27T15:59:35Z","1","1123"
"2014-2013","5.4304828","52.9276481","2013-05-27T16:29:27Z","1","1124"
"2014-2013","5.4303884","52.9278014","2013-05-27T16:59:17Z","1","1125"
"2014-2013","5.4298515","52.9278591","2013-05-27T17:14:14Z","1","1126"
"2014-2013","5.429791","52.9278737","2013-05-27T17:29:10Z","1","1127"
"2014-2013","5.4305875","52.9260764","2013-05-27T17:44:39Z","1","1128"
"2014-2013","5.4396032","52.9310082","2013-05-27T18:15:02Z","1","1129"
"2014-2013","5.439893","52.9308535","2013-05-27T18:44:55Z","1","1130"
"2014-2013","5.4399276","52.9308067","2013-05-27T19:14:56Z","1","1131"
"2014-2013","5.4398022","52.9308481","2013-05-27T19:44:53Z","1","1132"
"2014-2013","5.4398861","52.9307291","2013-05-27T20:14:48Z","1","1133"
"2014-2013","5.43988","52.9307883","2013-05-27T20:44:37Z","1","1134"
"2014-2013","5.4397654","52.9307624","2013-05-27T21:14:29Z","1","1135"
"2014-2013","5.4395477","52.9307919","2013-05-27T21:44:51Z","1","1136"
"2014-2013","5.4399156","52.9306852","2013-05-27T22:15:08Z","1","1137"
"2014-2013","5.4399187","52.9306974","2013-05-27T22:45:08Z","1","1138"
"2014-2013","5.439971","52.9306909","2013-05-27T23:15:01Z","1","1139"
"2014-2013","5.4400506","52.9306273","2013-05-27T23:45:26Z","1","1140"
"2014-2013","5.4400581","52.9306682","2013-05-28T00:15:35Z","1","1141"
"2014-2013","5.4399335","52.9306635","2013-05-28T00:45:25Z","1","1142"
"2014-2013","5.4307708","52.9257752","2013-05-28T01:15:34Z","1","1143"
"2014-2013","5.4305801","52.9258867","2013-05-28T01:30:40Z","1","1144"
"2014-2013","5.4304132","52.9272796","2013-05-28T01:45:51Z","1","1145"
"2014-2013","5.4300286","52.9269696","2013-05-28T02:01:08Z","1","1146"
"2014-2013","5.4299234","52.9271134","2013-05-28T02:16:02Z","1","1147"
"2014-2013","5.4298449","52.9272228","2013-05-28T02:31:15Z","1","1148"
"2014-2013","5.4297814","52.9271848","2013-05-28T02:46:11Z","1","1149"
"2014-2013","5.429838","52.927227","2013-05-28T03:01:08Z","1","1150"
"2014-2013","5.4297499","52.927206","2013-05-28T03:16:02Z","1","1151"
"2014-2013","5.4297827","52.9272535","2013-05-28T03:30:58Z","1","1152"
"2014-2013","5.4296828","52.9278067","2013-05-28T03:45:54Z","1","1153"
"2014-2013","5.4297637","52.9274554","2013-05-28T04:01:00Z","1","1154"
"2014-2013","5.4299979","52.9271962","2013-05-28T04:16:16Z","1","1155"
"2014-2013","5.4298293","52.9272959","2013-05-28T04:32:03Z","1","1156"
"2014-2013","5.4297726","52.9273001","2013-05-28T04:46:57Z","1","1157"
"2014-2013","5.4297952","52.9273029","2013-05-28T05:02:09Z","1","1158"
"2014-2013","5.4298523","52.9272733","2013-05-28T05:17:05Z","1","1159"
"2014-2013","5.42982","52.9272908","2013-05-28T05:32:02Z","1","1160"
"2014-2013","5.429799","52.9273541","2013-05-28T05:46:58Z","1","1161"
"2014-2013","5.4299358","52.9273925","2013-05-28T06:01:54Z","1","1162"
"2014-2013","5.4305054","52.9261596","2013-05-28T06:20:17Z","1","1163"
"2014-2013","5.4303765","52.9261539","2013-05-28T06:50:22Z","1","1164"
"2014-2013","5.4303499","52.9261149","2013-05-28T07:06:36Z","1","1165"
"2014-2013","5.4304867","52.9261237","2013-05-28T07:29:40Z","1","1166"
"2014-2013","5.4309158","52.9255457","2013-05-28T07:59:31Z","1","1167"
"2014-2013","5.430723","52.9258417","2013-05-28T08:29:38Z","1","1168"
"2014-2013","5.4307267","52.925823","2013-05-28T08:59:13Z","1","1169"
"2014-2013","5.4307544","52.9258564","2013-05-28T09:29:04Z","1","1170"
"2014-2013","5.4309284","52.9257346","2013-05-28T09:51:12Z","1","1171"
"2014-2013","5.4309394","52.9257462","2013-05-28T10:06:07Z","1","1172"
"2014-2013","5.430968","52.9256898","2013-05-28T10:29:19Z","1","1173"
"2014-2013","5.4309312","52.9257485","2013-05-28T11:14:39Z","1","1174"
"2014-2013","5.4308395","52.9257111","2013-05-28T11:29:51Z","1","1175"
"2014-2013","5.4308357","52.9257162","2013-05-28T12:00:08Z","1","1176"
"2014-2013","5.4306666","52.9260489","2013-05-28T13:00:30Z","1","1177"
"2014-2013","5.4305057","52.9264468","2013-05-28T13:30:01Z","1","1178"
"2014-2013","5.4299708","52.9278323","2013-05-28T14:00:13Z","1","1179"
"2014-2013","5.4298674","52.9272333","2013-05-28T14:30:06Z","1","1180"
"2014-2013","5.4304824","52.9278289","2013-05-28T15:00:01Z","1","1181"
"2014-2013","5.4298848","52.9274036","2013-05-28T15:30:04Z","1","1182"
"2014-2013","5.4298039","52.9272888","2013-05-28T15:45:01Z","1","1183"
"2014-2013","5.4298835","52.9270721","2013-05-28T15:59:57Z","1","1184"
"2014-2013","5.4297966","52.9272761","2013-05-28T16:29:50Z","1","1185"
"2014-2013","5.4306349","52.9260947","2013-05-28T17:29:49Z","1","1186"
"2014-2013","5.4305956","52.926063","2013-05-28T17:45:02Z","1","1187"
"2014-2013","5.4041679","52.9182871","2013-05-28T18:00:26Z","1","1188"
"2014-2013","5.4041714","52.9181788","2013-05-28T18:30:35Z","1","1189"
"2014-2013","5.4078896","52.9174396","2013-05-28T19:00:27Z","1","1190"
"2014-2013","5.4078033","52.9174774","2013-05-28T19:30:21Z","1","1191"
"2014-2013","5.4078254","52.9174908","2013-05-28T20:30:42Z","1","1192"
"2014-2013","5.4089401","52.9170942","2013-05-28T21:00:45Z","1","1193"
"2014-2013","5.4089625","52.9171163","2013-05-28T21:31:05Z","1","1194"
"2014-2013","5.408952","52.9170981","2013-05-28T22:01:15Z","1","1195"
"2014-2013","5.4089547","52.9170991","2013-05-28T22:31:23Z","1","1196"
"2014-2013","5.4089174","52.9170933","2013-05-28T23:01:16Z","1","1197"
"2014-2013","5.4089557","52.9170801","2013-05-28T23:31:08Z","1","1198"
"2014-2013","5.4089732","52.917096","2013-05-29T00:01:32Z","1","1199"
"2014-2013","5.4089936","52.9170426","2013-05-29T00:31:22Z","1","1200"
"2014-2013","5.4041603","52.9181757","2013-05-29T01:01:29Z","1","1201"
"2014-2013","5.4216639","52.9225416","2013-05-29T01:31:26Z","1","1202"
"2014-2013","5.4306942","52.9275126","2013-05-29T01:59:46Z","1","1203"
"2014-2013","5.429853","52.9271941","2013-05-29T02:16:57Z","1","1204"
"2014-2013","5.429794","52.9273015","2013-05-29T02:47:05Z","1","1205"
"2014-2013","5.4297988","52.9273267","2013-05-29T03:02:02Z","1","1206"
"2014-2013","5.4297871","52.9274097","2013-05-29T03:17:16Z","1","1207"
"2014-2013","5.4298142","52.9272934","2013-05-29T03:32:38Z","1","1208"
"2014-2013","5.429839","52.9272774","2013-05-29T03:47:37Z","1","1209"
"2014-2013","5.4298891","52.927307","2013-05-29T04:02:32Z","1","1210"
"2014-2013","5.4298702","52.9273043","2013-05-29T04:17:28Z","1","1211"
"2014-2013","5.4298583","52.9272934","2013-05-29T04:32:40Z","1","1212"
"2014-2013","5.4298401","52.9272939","2013-05-29T04:47:36Z","1","1213"
"2014-2013","5.4298523","52.9273234","2013-05-29T05:02:40Z","1","1214"
"2014-2013","5.4299111","52.9273166","2013-05-29T05:17:56Z","1","1215"
"2014-2013","5.4298317","52.9273146","2013-05-29T05:32:57Z","1","1216"
"2014-2013","5.4298077","52.9272872","2013-05-29T05:47:51Z","1","1217"
"2014-2013","5.4312286","52.9256838","2013-05-29T06:19:36Z","1","1218"
"2014-2013","5.4305048","52.9260722","2013-05-29T06:35:51Z","1","1219"
"2014-2013","5.4296989","52.9274695","2013-05-29T07:05:59Z","1","1220"
"2014-2013","5.4300474","52.9273257","2013-05-29T07:20:55Z","1","1221"
"2014-2013","5.4298404","52.927465","2013-05-29T07:36:08Z","1","1222"
"2014-2013","5.4299606","52.9273297","2013-05-29T07:51:35Z","1","1223"
"2014-2013","5.4299027","52.9273392","2013-05-29T08:06:31Z","1","1224"
"2014-2013","5.4299155","52.9273125","2013-05-29T08:34:48Z","1","1225"
"2014-2013","5.4298682","52.9273409","2013-05-29T09:04:38Z","1","1226"
"2014-2013","5.4300051","52.9272855","2013-05-29T09:34:49Z","1","1227"
"2014-2013","5.4299564","52.9273098","2013-05-29T10:05:08Z","1","1228"
"2014-2013","5.429962","52.927301","2013-05-29T10:20:06Z","1","1229"
"2014-2013","5.4304772","52.92601","2013-05-29T10:35:18Z","1","1230"
"2014-2013","5.4304866","52.9259804","2013-05-29T10:50:46Z","1","1231"
"2014-2013","5.4305514","52.926048","2013-05-29T11:05:41Z","1","1232"
"2014-2013","5.4302374","52.9260728","2013-05-29T11:35:33Z","1","1233"
"2014-2013","5.429834","52.9273034","2013-05-29T12:05:44Z","1","1234"
"2014-2013","5.4321406","52.9276067","2013-05-29T12:21:09Z","1","1235"
"2014-2013","5.4399619","52.9306674","2013-05-29T12:36:21Z","1","1236"
"2014-2013","5.4399665","52.9306853","2013-05-29T12:51:17Z","1","1237"
"2014-2013","5.4443232","52.9277007","2013-05-29T13:07:01Z","1","1238"
"2014-2013","5.4398407","52.930671","2013-05-29T13:36:20Z","1","1239"
"2014-2013","5.4447759","52.9309713","2013-05-29T14:06:28Z","1","1240"
"2014-2013","5.4447767","52.9309371","2013-05-29T14:36:06Z","1","1241"
"2014-2013","5.444771","52.9280745","2013-05-29T15:05:59Z","1","1242"
"2014-2013","5.4439984","52.9281029","2013-05-29T15:36:01Z","1","1243"
"2014-2013","5.4440625","52.9281111","2013-05-29T15:51:33Z","1","1244"
"2014-2013","5.444002","52.9281617","2013-05-29T16:06:27Z","1","1245"
"2014-2013","5.4398851","52.9306813","2013-05-29T16:25:08Z","1","1246"
"2014-2013","5.4399425","52.9306948","2013-05-29T16:40:03Z","1","1247"
"2014-2013","5.4399549","52.9306468","2013-05-29T16:54:59Z","1","1248"
"2014-2013","5.4399422","52.9306591","2013-05-29T17:09:55Z","1","1249"
"2014-2013","5.4396538","52.9306827","2013-05-29T17:24:54Z","1","1250"
"2014-2013","5.4396985","52.9306973","2013-05-29T17:39:50Z","1","1251"
"2014-2013","5.4396531","52.9307191","2013-05-29T18:10:26Z","1","1252"
"2014-2013","5.4398022","52.9307557","2013-05-29T18:41:11Z","1","1253"
"2014-2013","5.4399082","52.9305713","2013-05-29T19:13:36Z","1","1254"
"2014-2013","5.4398911","52.9305708","2013-05-29T19:43:31Z","1","1255"
"2014-2013","5.439886","52.9305818","2013-05-29T20:13:22Z","1","1256"
"2014-2013","5.4398966","52.9305925","2013-05-29T20:43:19Z","1","1257"
"2014-2013","5.4397805","52.9305803","2013-05-29T21:13:20Z","1","1258"
"2014-2013","5.4398448","52.9305722","2013-05-29T21:43:45Z","1","1259"
"2014-2013","5.4398923","52.9305625","2013-05-29T22:14:08Z","1","1260"
"2014-2013","5.4399149","52.9305773","2013-05-29T22:44:17Z","1","1261"
"2014-2013","5.4399686","52.930592","2013-05-29T23:14:41Z","1","1262"
"2014-2013","5.4399513","52.9305163","2013-05-29T23:44:32Z","1","1263"
"2014-2013","5.4398779","52.9304892","2013-05-30T00:14:27Z","1","1264"
"2014-2013","5.4401497","52.9306719","2013-05-30T00:44:20Z","1","1265"
"2014-2013","5.4395074","52.9307409","2013-05-30T01:14:33Z","1","1266"
"2014-2013","5.4396454","52.9306594","2013-05-30T01:34:24Z","1","1267"
"2014-2013","5.4303249","52.9280038","2013-05-30T01:49:20Z","1","1268"
"2014-2013","5.4304154","52.9278052","2013-05-30T02:04:33Z","1","1269"
"2014-2013","5.4302945","52.9279455","2013-05-30T02:19:27Z","1","1270"
"2014-2013","5.4303604","52.9279375","2013-05-30T02:34:26Z","1","1271"
"2014-2013","5.4302023","52.9282025","2013-05-30T02:49:33Z","1","1272"
"2014-2013","5.4303589","52.9279147","2013-05-30T03:04:31Z","1","1273"
"2014-2013","5.430726","52.9258452","2013-05-30T03:19:45Z","1","1274"
"2014-2013","5.4306366","52.926432","2013-05-30T03:34:39Z","1","1275"
"2014-2013","5.4305593","52.9264604","2013-05-30T03:49:52Z","1","1276"
"2014-2013","5.4305376","52.9264805","2013-05-30T04:04:47Z","1","1277"
"2014-2013","5.4305323","52.9264778","2013-05-30T04:19:41Z","1","1278"
"2014-2013","5.4306639","52.9264683","2013-05-30T04:34:40Z","1","1279"
"2014-2013","5.4306273","52.9264866","2013-05-30T04:49:36Z","1","1280"
"2014-2013","5.4306436","52.9264881","2013-05-30T05:04:36Z","1","1281"
"2014-2013","5.4297844","52.9278787","2013-05-30T05:20:14Z","1","1282"
"2014-2013","5.4308713","52.9256883","2013-05-30T05:35:10Z","1","1283"
"2014-2013","5.4307124","52.9257398","2013-05-30T05:50:08Z","1","1284"
"2014-2013","5.4308523","52.9257241","2013-05-30T06:05:38Z","1","1285"
"2014-2013","5.4308755","52.9257375","2013-05-30T06:20:30Z","1","1286"
"2014-2013","5.4309605","52.9267473","2013-05-30T06:37:19Z","1","1287"
"2014-2013","5.4309032","52.9257497","2013-05-30T06:52:15Z","1","1288"
"2014-2013","5.4441322","52.927516","2013-05-30T07:07:25Z","1","1289"
"2014-2013","5.4441919","52.9275397","2013-05-30T07:22:21Z","1","1290"
"2014-2013","5.4443514","52.9276261","2013-05-30T07:37:18Z","1","1291"
"2014-2013","5.4443129","52.9275754","2013-05-30T07:52:14Z","1","1292"
"2014-2013","5.4444315","52.9275319","2013-05-30T08:07:22Z","1","1293"
"2014-2013","5.4442172","52.9275614","2013-05-30T08:22:35Z","1","1294"
"2014-2013","5.4439341","52.927448","2013-05-30T08:37:49Z","1","1295"
"2014-2013","5.4439078","52.9272908","2013-05-30T08:52:45Z","1","1296"
"2014-2013","5.4438545","52.9273069","2013-05-30T09:07:42Z","1","1297"
"2014-2013","5.444077","52.9273177","2013-05-30T09:22:40Z","1","1298"
"2014-2013","5.4441268","52.9273138","2013-05-30T09:38:03Z","1","1299"
"2014-2013","5.4441908","52.927336","2013-05-30T09:53:01Z","1","1300"
"2014-2013","5.444339","52.9273541","2013-05-30T10:07:58Z","1","1301"
"2014-2013","5.4442498","52.9273621","2013-05-30T10:23:08Z","1","1302"
"2014-2013","5.4441704","52.9273359","2013-05-30T10:38:04Z","1","1303"
"2014-2013","5.4443392","52.9276848","2013-05-30T10:53:00Z","1","1304"
"2014-2013","5.4443232","52.9276332","2013-05-30T11:07:59Z","1","1305"
"2014-2013","5.4442559","52.9276168","2013-05-30T11:22:52Z","1","1306"
"2014-2013","5.4397013","52.9306112","2013-05-30T11:38:40Z","1","1307"
"2014-2013","5.4440794","52.9273601","2013-05-30T11:53:48Z","1","1308"
"2014-2013","5.4438802","52.9274155","2013-05-30T12:11:38Z","1","1309"
"2014-2013","5.4438139","52.927389","2013-05-30T12:26:45Z","1","1310"
"2014-2013","5.4437287","52.9274029","2013-05-30T12:42:02Z","1","1311"
"2014-2013","5.443647","52.9273724","2013-05-30T12:57:38Z","1","1312"
"2014-2013","5.4435252","52.9273488","2013-05-30T13:12:43Z","1","1313"
"2014-2013","5.4433919","52.9273921","2013-05-30T13:41:47Z","1","1314"
"2014-2013","5.4434197","52.9273556","2013-05-30T13:56:43Z","1","1315"
"2014-2013","5.4427423","52.9279035","2013-05-30T14:11:51Z","1","1316"
"2014-2013","5.4394787","52.9308098","2013-05-30T14:27:18Z","1","1317"
"2014-2013","5.4443844","52.9274712","2013-05-30T14:42:29Z","1","1318"
"2014-2013","5.4443634","52.927436","2013-05-30T14:57:42Z","1","1319"
"2014-2013","5.4442539","52.9274269","2013-05-30T15:12:58Z","1","1320"
"2014-2013","5.4397961","52.9307493","2013-05-30T15:27:56Z","1","1321"
"2014-2013","5.444687","52.9276609","2013-05-30T15:42:50Z","1","1322"
"2014-2013","5.4446277","52.9277086","2013-05-30T15:58:08Z","1","1323"
"2014-2013","5.4443565","52.9276455","2013-05-30T16:12:58Z","1","1324"
"2014-2013","5.4445118","52.9276802","2013-05-30T16:27:54Z","1","1325"
"2014-2013","5.4445131","52.9276615","2013-05-30T16:42:50Z","1","1326"
"2014-2013","5.4396843","52.9307718","2013-05-30T16:58:02Z","1","1327"
"2014-2013","5.4397139","52.930785","2013-05-30T17:12:57Z","1","1328"
"2014-2013","5.4396382","52.9306639","2013-05-30T17:27:54Z","1","1329"
"2014-2013","5.4396743","52.9307762","2013-05-30T17:43:05Z","1","1330"
"2014-2013","5.4397072","52.9307321","2013-05-30T17:58:17Z","1","1331"
"2014-2013","5.4397317","52.9307851","2013-05-30T18:28:38Z","1","1332"
"2014-2013","5.4395794","52.9307527","2013-05-30T18:58:49Z","1","1333"
"2014-2013","5.4397204","52.9305836","2013-05-30T19:28:44Z","1","1334"
"2014-2013","5.439896","52.9305478","2013-05-30T19:58:32Z","1","1335"
"2014-2013","5.4399999","52.9305206","2013-05-30T20:28:54Z","1","1336"
"2014-2013","5.4400101","52.9305326","2013-05-30T20:58:49Z","1","1337"
"2014-2013","5.439934","52.9305286","2013-05-30T21:29:06Z","1","1338"
"2014-2013","5.4399528","52.9305342","2013-05-30T21:59:29Z","1","1339"
"2014-2013","5.4400127","52.9305452","2013-05-30T22:29:29Z","1","1340"
"2014-2013","5.4401","52.9305208","2013-05-30T22:59:21Z","1","1341"
"2014-2013","5.4400274","52.9305458","2013-05-30T23:29:56Z","1","1342"
"2014-2013","5.4442641","52.9275416","2013-05-30T23:59:52Z","1","1343"
"2014-2013","5.4435213","52.927337","2013-05-31T00:29:52Z","1","1344"
"2014-2013","5.4398194","52.9305665","2013-05-31T00:59:50Z","1","1345"
"2014-2013","5.4398047","52.9305893","2013-05-31T01:15:28Z","1","1346"
"2014-2013","5.439789","52.9307681","2013-05-31T01:30:31Z","1","1347"
"2014-2013","5.4414998","52.9297127","2013-05-31T01:45:44Z","1","1348"
"2014-2013","5.444486","52.9274166","2013-05-31T02:01:08Z","1","1349"
"2014-2013","5.4442514","52.9274126","2013-05-31T02:16:05Z","1","1350"
"2014-2013","5.4440319","52.9273512","2013-05-31T02:31:02Z","1","1351"
"2014-2013","5.4441956","52.9274456","2013-05-31T02:46:18Z","1","1352"
"2014-2013","5.444402","52.9274829","2013-05-31T03:01:13Z","1","1353"
"2014-2013","5.4445527","52.9274672","2013-05-31T03:16:06Z","1","1354"
"2014-2013","5.4446524","52.9275576","2013-05-31T03:31:14Z","1","1355"
"2014-2013","5.4446649","52.9275766","2013-05-31T03:46:25Z","1","1356"
"2014-2013","5.4446359","52.9275612","2013-05-31T04:01:36Z","1","1357"
"2014-2013","5.4398329","52.9305873","2013-05-31T04:17:41Z","1","1358"
"2014-2013","5.4441204","52.9274347","2013-05-31T04:32:39Z","1","1359"
"2014-2013","5.4440387","52.9274774","2013-05-31T04:47:33Z","1","1360"
"2014-2013","5.4441403","52.9275394","2013-05-31T05:02:29Z","1","1361"
"2014-2013","5.4439356","52.9275164","2013-05-31T05:17:26Z","1","1362"
"2014-2013","5.4438369","52.9275239","2013-05-31T05:32:20Z","1","1363"
"2014-2013","5.4398386","52.9307707","2013-05-31T05:47:49Z","1","1364"
"2014-2013","5.4397586","52.9307339","2013-05-31T06:03:32Z","1","1365"
"2014-2013","5.4434578","52.9272693","2013-05-31T06:18:28Z","1","1366"
"2014-2013","5.4435906","52.927393","2013-05-31T06:44:22Z","1","1367"
"2014-2013","5.4401071","52.9304423","2013-05-31T07:13:55Z","1","1368"
"2014-2013","5.4424038","52.9267072","2013-05-31T07:43:59Z","1","1369"
"2014-2013","5.4428112","52.9270983","2013-05-31T08:14:37Z","1","1370"
"2014-2013","5.4435189","52.9272416","2013-05-31T08:44:06Z","1","1371"
"2014-2013","5.4435242","52.927397","2013-05-31T09:13:50Z","1","1372"
"2014-2013","5.4433518","52.9273943","2013-05-31T09:44:33Z","1","1373"
"2014-2013","5.4433928","52.9273054","2013-05-31T10:14:24Z","1","1374"
"2014-2013","5.4436936","52.9272532","2013-05-31T10:43:59Z","1","1375"
"2014-2013","5.4440078","52.9274022","2013-05-31T11:13:56Z","1","1376"
"2014-2013","5.4444854","52.9274345","2013-05-31T11:43:31Z","1","1377"
"2014-2013","5.4450069","52.9276353","2013-05-31T12:13:38Z","1","1378"
"2014-2013","5.4449937","52.9276279","2013-05-31T12:28:35Z","1","1379"
"2014-2013","5.4448909","52.9276524","2013-05-31T12:43:46Z","1","1380"
"2014-2013","5.4447044","52.9278346","2013-05-31T13:13:37Z","1","1381"
"2014-2013","5.4446594","52.9280275","2013-05-31T13:43:29Z","1","1382"
"2014-2013","5.4448566","52.9280819","2013-05-31T14:13:39Z","1","1383"
"2014-2013","5.4444512","52.9279909","2013-05-31T14:43:28Z","1","1384"
"2014-2013","5.4444897","52.928407","2013-05-31T15:13:36Z","1","1385"
"2014-2013","5.4443355","52.9284198","2013-05-31T15:28:33Z","1","1386"
"2014-2013","5.4398082","52.9307481","2013-05-31T15:43:45Z","1","1387"
"2014-2013","5.4396166","52.9308084","2013-05-31T16:13:46Z","1","1388"
"2014-2013","5.4395867","52.9308173","2013-05-31T16:29:21Z","1","1389"
"2014-2013","5.4395831","52.9308387","2013-05-31T16:44:40Z","1","1390"
"2014-2013","5.4396125","52.9308118","2013-05-31T17:00:03Z","1","1391"
"2014-2013","5.4395267","52.9308467","2013-05-31T17:15:38Z","1","1392"
"2014-2013","5.4398307","52.9306332","2013-05-31T17:30:40Z","1","1393"
"2014-2013","5.439303","52.9309605","2013-05-31T17:45:37Z","1","1394"
"2014-2013","5.4397256","52.9307331","2013-05-31T18:15:56Z","1","1395"
"2014-2013","5.4397605","52.9307446","2013-05-31T18:46:05Z","1","1396"
"2014-2013","5.4398468","52.9306377","2013-05-31T19:16:15Z","1","1397"
"2014-2013","5.4396528","52.9305794","2013-05-31T19:46:07Z","1","1398"
"2014-2013","5.439723","52.9305894","2013-05-31T20:16:14Z","1","1399"
"2014-2013","5.4396975","52.930631","2013-05-31T20:46:10Z","1","1400"
"2014-2013","5.439661","52.9306323","2013-05-31T21:16:11Z","1","1401"
"2014-2013","5.4395586","52.9306502","2013-05-31T21:46:17Z","1","1402"
"2014-2013","5.4398984","52.9305704","2013-05-31T22:16:38Z","1","1403"
"2014-2013","5.4398906","52.9306079","2013-05-31T22:47:58Z","1","1404"
"2014-2013","5.4398331","52.9305794","2013-05-31T23:17:52Z","1","1405"
"2014-2013","5.4398914","52.9305752","2013-05-31T23:47:42Z","1","1406"
"2014-2013","5.4398249","52.9305691","2013-06-01T00:18:04Z","1","1407"
"2014-2013","5.4398018","52.9305983","2013-06-01T00:49:17Z","1","1408"
"2014-2013","5.4397948","52.930695","2013-06-01T01:19:08Z","1","1409"
"2014-2013","5.4396851","52.9306484","2013-06-01T01:38:37Z","1","1410"
"2014-2013","5.4395454","52.9307672","2013-06-01T01:53:49Z","1","1411"
"2014-2013","5.4443606","52.9270357","2013-06-01T02:23:40Z","1","1412"
"2014-2013","5.4442676","52.927006","2013-06-01T02:38:36Z","1","1413"
"2014-2013","5.4442571","52.9269909","2013-06-01T02:53:47Z","1","1414"
"2014-2013","5.4442169","52.9269806","2013-06-01T03:09:08Z","1","1415"
"2014-2013","5.443989","52.9269542","2013-06-01T03:24:12Z","1","1416"
"2014-2013","5.4438868","52.9269302","2013-06-01T03:39:35Z","1","1417"
"2014-2013","5.4432117","52.926994","2013-06-01T03:54:36Z","1","1418"
"2014-2013","5.4440582","52.9268319","2013-06-01T04:09:32Z","1","1419"
"2014-2013","5.4440399","52.9268572","2013-06-01T04:24:28Z","1","1420"
"2014-2013","5.4439769","52.926889","2013-06-01T04:39:24Z","1","1421"
"2014-2013","5.4440199","52.9269211","2013-06-01T04:54:19Z","1","1422"
"2014-2013","5.4442585","52.9269564","2013-06-01T05:24:27Z","1","1423"
"2014-2013","5.4396718","52.9303228","2013-06-01T05:39:55Z","1","1424"
"2014-2013","5.4442372","52.9289941","2013-06-01T05:55:00Z","1","1425"
"2014-2013","5.4449172","52.9294837","2013-06-01T06:10:32Z","1","1426"
"2014-2013","5.4432884","52.9266938","2013-06-01T06:25:31Z","1","1427"
"2014-2013","5.4431591","52.9267603","2013-06-01T06:40:26Z","1","1428"
"2014-2013","5.4436729","52.926661","2013-06-01T06:55:38Z","1","1429"
"2014-2013","5.4435532","52.9268753","2013-06-01T07:10:35Z","1","1430"
"2014-2013","5.4440132","52.9270634","2013-06-01T07:25:31Z","1","1431"
"2014-2013","5.4439471","52.9271152","2013-06-01T07:40:39Z","1","1432"
"2014-2013","5.4438191","52.9271311","2013-06-01T07:55:49Z","1","1433"
"2014-2013","5.4440152","52.9269397","2013-06-01T08:11:09Z","1","1434"
"2014-2013","5.4442343","52.9270476","2013-06-01T08:26:18Z","1","1435"
"2014-2013","5.4444724","52.9271171","2013-06-01T08:41:14Z","1","1436"
"2014-2013","5.4444069","52.9271125","2013-06-01T08:56:09Z","1","1437"
"2014-2013","5.4445839","52.9269565","2013-06-01T09:11:07Z","1","1438"
"2014-2013","5.4436804","52.9268586","2013-06-01T09:26:01Z","1","1439"
"2014-2013","5.4397392","52.930573","2013-06-01T09:41:47Z","1","1440"
"2014-2013","5.4431863","52.9266417","2013-06-01T09:57:30Z","1","1441"
"2014-2013","5.4433997","52.9266543","2013-06-01T10:12:41Z","1","1442"
"2014-2013","5.4433032","52.9266946","2013-06-01T10:27:37Z","1","1443"
"2014-2013","5.4399053","52.9304839","2013-06-01T10:42:49Z","1","1444"
"2014-2013","5.4423143","52.9272437","2013-06-01T10:58:05Z","1","1445"
"2014-2013","5.4432628","52.9267189","2013-06-01T11:13:26Z","1","1446"
"2014-2013","5.4423196","52.9278257","2013-06-01T11:28:26Z","1","1447"
"2014-2013","5.4423748","52.9279538","2013-06-01T11:43:21Z","1","1448"
"2014-2013","5.4419345","52.9276849","2013-06-01T11:58:36Z","1","1449"
"2014-2013","5.441969","52.9278134","2013-06-01T12:13:30Z","1","1450"
"2014-2013","5.4436841","52.9267845","2013-06-01T12:30:01Z","1","1451"
"2014-2013","5.4435771","52.9268841","2013-06-01T12:45:13Z","1","1452"
"2014-2013","5.4432506","52.9266687","2013-06-01T13:00:20Z","1","1453"
"2014-2013","5.4421615","52.9275668","2013-06-01T13:15:35Z","1","1454"
"2014-2013","5.4432612","52.9264124","2013-06-01T13:31:04Z","1","1455"
"2014-2013","5.4433291","52.9264622","2013-06-01T13:50:16Z","1","1456"
"2014-2013","5.4372891","52.9247463","2013-06-01T14:06:29Z","1","1457"
"2014-2013","5.4295668","52.9274427","2013-06-01T14:21:30Z","1","1458"
"2014-2013","5.4308218","52.9257282","2013-06-01T14:36:40Z","1","1459"
"2014-2013","5.4308417","52.9257359","2013-06-01T14:52:03Z","1","1460"
"2014-2013","5.4307725","52.9257551","2013-06-01T15:07:35Z","1","1461"
"2014-2013","5.4296948","52.9270164","2013-06-01T15:22:31Z","1","1462"
"2014-2013","5.4308724","52.9257493","2013-06-01T15:47:04Z","1","1463"
"2014-2013","5.430738","52.9258928","2013-06-01T16:02:32Z","1","1464"
"2014-2013","5.4305626","52.9259885","2013-06-01T16:17:43Z","1","1465"
"2014-2013","5.4305099","52.9260354","2013-06-01T16:32:39Z","1","1466"
"2014-2013","5.4305236","52.9260817","2013-06-01T16:47:35Z","1","1467"
"2014-2013","5.4305483","52.9260376","2013-06-01T17:02:31Z","1","1468"
"2014-2013","5.4304455","52.9261494","2013-06-01T17:17:27Z","1","1469"
"2014-2013","5.4397379","52.9304664","2013-06-01T17:32:24Z","1","1470"
"2014-2013","5.4040934","52.9182763","2013-06-01T17:50:59Z","1","1471"
"2014-2013","5.4042762","52.9188189","2013-06-01T18:21:11Z","1","1472"
"2014-2013","5.4076109","52.9175051","2013-06-01T18:51:33Z","1","1473"
"2014-2013","5.4077242","52.9174979","2013-06-01T19:21:27Z","1","1474"
"2014-2013","5.4077064","52.9175322","2013-06-01T19:51:17Z","1","1475"
"2014-2013","5.4077355","52.9175221","2013-06-01T20:21:26Z","1","1476"
"2014-2013","5.407758","52.9174889","2013-06-01T20:51:18Z","1","1477"
"2014-2013","5.4079228","52.9174786","2013-06-01T21:21:20Z","1","1478"
"2014-2013","5.4078223","52.9174991","2013-06-01T21:51:59Z","1","1479"
"2014-2013","5.4078432","52.9175048","2013-06-01T22:21:57Z","1","1480"
"2014-2013","5.4077676","52.9175238","2013-06-01T22:52:08Z","1","1481"
"2014-2013","5.4078202","52.9175022","2013-06-01T23:22:25Z","1","1482"
"2014-2013","5.4078513","52.9175023","2013-06-01T23:52:39Z","1","1483"
"2014-2013","5.4077645","52.917496","2013-06-02T00:22:28Z","1","1484"
"2014-2013","5.4041497","52.9181579","2013-06-02T00:52:37Z","1","1485"
"2014-2013","5.4237857","52.9213524","2013-06-02T01:20:06Z","1","1486"
"2014-2013","5.4306814","52.9261338","2013-06-02T01:35:27Z","1","1487"
"2014-2013","5.4305294","52.9260506","2013-06-02T01:50:28Z","1","1488"
"2014-2013","5.4305049","52.9260548","2013-06-02T02:06:26Z","1","1489"
"2014-2013","5.4305698","52.9260368","2013-06-02T02:37:07Z","1","1490"
"2014-2013","5.4304964","52.9260183","2013-06-02T02:52:19Z","1","1491"
"2014-2013","5.4304667","52.9260945","2013-06-02T03:07:15Z","1","1492"
"2014-2013","5.4305359","52.9260721","2013-06-02T03:22:27Z","1","1493"
"2014-2013","5.4304933","52.9260207","2013-06-02T03:37:38Z","1","1494"
"2014-2013","5.4305051","52.9259863","2013-06-02T03:52:51Z","1","1495"
"2014-2013","5.4305085","52.9259986","2013-06-02T04:08:04Z","1","1496"
"2014-2013","5.4304674","52.9260412","2013-06-02T04:23:55Z","1","1497"
"2014-2013","5.4305479","52.9259841","2013-06-02T04:39:31Z","1","1498"
"2014-2013","5.4305099","52.9260339","2013-06-02T04:54:26Z","1","1499"
"2014-2013","5.4304642","52.9260915","2013-06-02T05:09:38Z","1","1500"
"2014-2013","5.4305151","52.9260768","2013-06-02T05:25:21Z","1","1501"
"2014-2013","5.4304868","52.92609","2013-06-02T05:40:27Z","1","1502"
"2014-2013","5.4304555","52.9260942","2013-06-02T05:56:02Z","1","1503"
"2014-2013","5.4304241","52.9260229","2013-06-02T06:10:57Z","1","1504"
"2014-2013","5.4304923","52.9260753","2013-06-02T06:26:05Z","1","1505"
"2014-2013","5.4305229","52.9260905","2013-06-02T06:41:05Z","1","1506"
"2014-2013","5.4301286","52.9262136","2013-06-02T06:56:00Z","1","1507"
"2014-2013","5.4302965","52.9262638","2013-06-02T07:10:58Z","1","1508"
"2014-2013","5.430207","52.9262283","2013-06-02T07:26:09Z","1","1509"
"2014-2013","5.4295048","52.9275206","2013-06-02T07:54:25Z","1","1510"
"2014-2013","5.4293869","52.92784","2013-06-02T08:24:38Z","1","1511"
"2014-2013","5.4310056","52.9257743","2013-06-02T08:55:35Z","1","1512"
"2014-2013","5.4309103","52.9258231","2013-06-02T09:25:20Z","1","1513"
"2014-2013","5.4299822","52.9272748","2013-06-02T09:55:12Z","1","1514"
"2014-2013","5.4295857","52.927624","2013-06-02T10:25:05Z","1","1515"
"2014-2013","5.4294551","52.9278801","2013-06-02T10:55:39Z","1","1516"
"2014-2013","5.4293704","52.9279579","2013-06-02T11:25:37Z","1","1517"
"2014-2013","5.4294238","52.9279059","2013-06-02T11:55:14Z","1","1518"
"2014-2013","5.4308415","52.9256859","2013-06-02T12:22:16Z","1","1519"
"2014-2013","5.4308081","52.9258286","2013-06-02T12:38:10Z","1","1520"
"2014-2013","5.4296716","52.927609","2013-06-02T12:57:32Z","1","1521"
"2014-2013","5.429544","52.9277535","2013-06-02T13:12:54Z","1","1522"
"2014-2013","5.4295904","52.9276759","2013-06-02T13:28:31Z","1","1523"
"2014-2013","5.4295393","52.9277526","2013-06-02T13:57:34Z","1","1524"
"2014-2013","5.429552","52.9277443","2013-06-02T14:27:10Z","1","1525"
"2014-2013","5.4289333","52.9281526","2013-06-02T14:56:48Z","1","1526"
"2014-2013","5.4291447","52.9279914","2013-06-02T15:26:24Z","1","1527"
"2014-2013","5.4306291","52.9258544","2013-06-02T15:56:34Z","1","1528"
"2014-2013","5.4301748","52.9270352","2013-06-02T16:12:08Z","1","1529"
"2014-2013","5.4299104","52.9277684","2013-06-02T16:27:10Z","1","1530"
"2014-2013","5.4294981","52.9277783","2013-06-02T16:56:45Z","1","1531"
"2014-2013","5.429327","52.927683","2013-06-02T17:26:53Z","1","1532"
"2014-2013","5.4042448","52.9184121","2013-06-02T17:57:18Z","1","1533"
"2014-2013","5.4042855","52.9184863","2013-06-02T18:12:13Z","1","1534"
"2014-2013","5.40419","52.9183836","2013-06-02T18:42:07Z","1","1535"
"2014-2013","5.4077134","52.9174932","2013-06-02T19:12:14Z","1","1536"
"2014-2013","5.407746","52.917543","2013-06-02T19:42:11Z","1","1537"
"2014-2013","5.4077313","52.9174909","2013-06-02T20:12:38Z","1","1538"
"2014-2013","5.4077313","52.9175001","2013-06-02T20:42:53Z","1","1539"
"2014-2013","5.4090589","52.9170463","2013-06-02T21:12:44Z","1","1540"
"2014-2013","5.40906","52.9170687","2013-06-02T21:42:37Z","1","1541"
"2014-2013","5.4089847","52.9171424","2013-06-02T22:12:50Z","1","1542"
"2014-2013","5.4090578","52.9170992","2013-06-02T22:42:51Z","1","1543"
"2014-2013","5.4090824","52.9170604","2013-06-02T23:13:05Z","1","1544"
"2014-2013","5.4091477","52.9170577","2013-06-02T23:42:50Z","1","1545"
"2014-2013","5.4093141","52.9169703","2013-06-03T00:12:58Z","1","1546"
"2014-2013","5.409269","52.9169739","2013-06-03T00:42:49Z","1","1547"
"2014-2013","5.4092447","52.9169372","2013-06-03T01:12:42Z","1","1548"
"2014-2013","5.4302727","52.9264284","2013-06-03T01:28:45Z","1","1549"
"2014-2013","5.4301928","52.9263974","2013-06-03T01:43:54Z","1","1550"
"2014-2013","5.4304339","52.9264509","2013-06-03T01:58:50Z","1","1551"
"2014-2013","5.430215","52.9263929","2013-06-03T02:14:08Z","1","1552"
"2014-2013","5.4303892","52.9264635","2013-06-03T02:29:13Z","1","1553"
"2014-2013","5.4293081","52.9276365","2013-06-03T03:14:01Z","1","1554"
"2014-2013","5.4292536","52.9277565","2013-06-03T03:29:14Z","1","1555"
"2014-2013","5.429423","52.9275612","2013-06-03T03:44:10Z","1","1556"
"2014-2013","5.4292401","52.9278434","2013-06-03T03:59:06Z","1","1557"
"2014-2013","5.4294399","52.9276922","2013-06-03T04:14:00Z","1","1558"
"2014-2013","5.4294187","52.9277349","2013-06-03T04:28:56Z","1","1559"
"2014-2013","5.4295074","52.9276846","2013-06-03T04:43:52Z","1","1560"
"2014-2013","5.4294676","52.9278042","2013-06-03T04:59:04Z","1","1561"
"2014-2013","5.429421","52.9277927","2013-06-03T05:14:01Z","1","1562"
"2014-2013","5.4294056","52.9277509","2013-06-03T05:28:56Z","1","1563"
"2014-2013","5.4293821","52.9278215","2013-06-03T05:44:06Z","1","1564"
"2014-2013","5.4295764","52.9277652","2013-06-03T05:59:05Z","1","1565"
"2014-2013","5.4297093","52.9275914","2013-06-03T06:14:00Z","1","1566"
"2014-2013","5.4296209","52.9273458","2013-06-03T06:28:56Z","1","1567"
"2014-2013","5.4295238","52.9275902","2013-06-03T06:44:20Z","1","1568"
"2014-2013","5.4291431","52.9278116","2013-06-03T06:59:19Z","1","1569"
"2014-2013","5.429241","52.9276973","2013-06-03T07:14:17Z","1","1570"
"2014-2013","5.4294972","52.9276352","2013-06-03T07:44:14Z","1","1571"
"2014-2013","5.4295617","52.9276374","2013-06-03T07:59:30Z","1","1572"
"2014-2013","5.4300318","52.9278821","2013-06-03T08:15:18Z","1","1573"
"2014-2013","5.4293453","52.9279979","2013-06-03T08:30:15Z","1","1574"
"2014-2013","5.4288921","52.9280797","2013-06-03T08:58:05Z","1","1575"
"2014-2013","5.4291725","52.9280097","2013-06-03T09:12:55Z","1","1576"
"2014-2013","5.4294982","52.9279998","2013-06-03T09:27:51Z","1","1577"
"2014-2013","5.429472","52.9278542","2013-06-03T09:57:58Z","1","1578"
"2014-2013","5.4292922","52.9280216","2013-06-03T10:57:22Z","1","1579"
"2014-2013","5.4292531","52.9280097","2013-06-03T11:12:24Z","1","1580"
"2014-2013","5.4289913","52.927854","2013-06-03T11:27:37Z","1","1581"
"2014-2013","5.4304232","52.9264601","2013-06-03T11:43:02Z","1","1582"
"2014-2013","5.4305054","52.9264506","2013-06-03T11:58:47Z","1","1583"
"2014-2013","5.429397","52.9278377","2013-06-03T12:28:38Z","1","1584"
"2014-2013","5.4293979","52.9277242","2013-06-03T12:58:30Z","1","1585"
"2014-2013","5.4309355","52.9259891","2013-06-03T13:28:21Z","1","1586"
"2014-2013","5.4304638","52.9264158","2013-06-03T13:58:00Z","1","1587"
"2014-2013","5.430362","52.9264516","2013-06-03T14:13:14Z","1","1588"
"2014-2013","5.4301821","52.9264494","2013-06-03T14:28:16Z","1","1589"
"2014-2013","5.4294883","52.9272151","2013-06-03T14:57:57Z","1","1590"
"2014-2013","5.4292308","52.9275721","2013-06-03T15:28:07Z","1","1591"
"2014-2013","5.4294413","52.9273797","2013-06-03T15:43:01Z","1","1592"
"2014-2013","5.4291859","52.9277453","2013-06-03T15:57:59Z","1","1593"
"2014-2013","5.4305768","52.9260619","2013-06-03T16:12:52Z","1","1594"
"2014-2013","5.4305264","52.9260774","2013-06-03T16:28:36Z","1","1595"
"2014-2013","5.4304729","52.9260541","2013-06-03T16:43:33Z","1","1596"
"2014-2013","5.4304774","52.9260342","2013-06-03T16:59:17Z","1","1597"
"2014-2013","5.4304638","52.9260842","2013-06-03T17:14:28Z","1","1598"
"2014-2013","5.4304066","52.9260972","2013-06-03T17:29:25Z","1","1599"
"2014-2013","5.4088561","52.9187938","2013-06-03T17:44:27Z","1","1600"
"2014-2013","5.4039791","52.9179478","2013-06-03T18:00:08Z","1","1601"
"2014-2013","5.4041227","52.9179349","2013-06-03T18:29:54Z","1","1602"
"2014-2013","5.4041529","52.9181732","2013-06-03T19:00:17Z","1","1603"
"2014-2013","5.4077244","52.9175233","2013-06-03T19:30:12Z","1","1604"
"2014-2013","5.4077699","52.9175014","2013-06-03T20:00:06Z","1","1605"
"2014-2013","5.4077068","52.917515","2013-06-03T20:30:12Z","1","1606"
"2014-2013","5.4076937","52.9175289","2013-06-03T21:00:17Z","1","1607"
"2014-2013","5.4090133","52.9170678","2013-06-03T21:30:22Z","1","1608"
"2014-2013","5.4091104","52.9170408","2013-06-03T22:01:08Z","1","1609"
"2014-2013","5.4091173","52.9170305","2013-06-03T22:30:58Z","1","1610"
"2014-2013","5.409094","52.9170274","2013-06-03T23:00:49Z","1","1611"
"2014-2013","5.409111","52.9170387","2013-06-03T23:30:42Z","1","1612"
"2014-2013","5.4090975","52.9170179","2013-06-04T00:00:55Z","1","1613"
"2014-2013","5.4090964","52.9169927","2013-06-04T00:30:55Z","1","1614"
"2014-2013","5.409108","52.9169718","2013-06-04T01:01:06Z","1","1615"
"2014-2013","5.409527","52.9168446","2013-06-04T01:19:45Z","1","1616"
"2014-2013","5.4303537","52.9264486","2013-06-04T01:34:40Z","1","1617"
"2014-2013","5.43041","52.9264855","2013-06-04T01:50:08Z","1","1618"
"2014-2013","5.4294786","52.9275525","2013-06-04T02:05:04Z","1","1619"
"2014-2013","5.4294934","52.9274893","2013-06-04T02:20:00Z","1","1620"
"2014-2013","5.4296137","52.9275595","2013-06-04T02:34:56Z","1","1621"
"2014-2013","5.4297406","52.9276205","2013-06-04T02:50:04Z","1","1622"
"2014-2013","5.4307295","52.9256554","2013-06-04T03:05:37Z","1","1623"
"2014-2013","5.4292329","52.9266199","2013-06-04T03:20:32Z","1","1624"
"2014-2013","5.4296268","52.9277504","2013-06-04T03:35:28Z","1","1625"
"2014-2013","5.4309158","52.925635","2013-06-04T03:50:42Z","1","1626"
"2014-2013","5.430898","52.9256878","2013-06-04T04:06:38Z","1","1627"
"2014-2013","5.4297117","52.9275333","2013-06-04T04:21:51Z","1","1628"
"2014-2013","5.4295857","52.9276277","2013-06-04T04:37:03Z","1","1629"
"2014-2013","5.429592","52.9278085","2013-06-04T04:51:58Z","1","1630"
"2014-2013","5.4397815","52.9305945","2013-06-04T05:06:54Z","1","1631"
"2014-2013","5.4395958","52.930774","2013-06-04T05:21:51Z","1","1632"
"2014-2013","5.4296415","52.9276853","2013-06-04T05:36:48Z","1","1633"
"2014-2013","5.4304486","52.9261297","2013-06-04T05:56:33Z","1","1634"
"2014-2013","5.4304616","52.9261044","2013-06-04T06:11:46Z","1","1635"
"2014-2013","5.430576","52.9260091","2013-06-04T06:26:55Z","1","1636"
"2014-2013","5.4304945","52.9260258","2013-06-04T06:42:08Z","1","1637"
"2014-2013","5.430565","52.9260078","2013-06-04T06:57:03Z","1","1638"
"2014-2013","5.4306016","52.9259618","2013-06-04T07:29:36Z","1","1639"
"2014-2013","5.4306072","52.9260781","2013-06-04T07:59:28Z","1","1640"
"2014-2013","5.4306113","52.9260465","2013-06-04T08:30:02Z","1","1641"
"2014-2013","5.4307738","52.9260878","2013-06-04T08:45:02Z","1","1642"
"2014-2013","5.4307936","52.9261849","2013-06-04T09:00:18Z","1","1643"
"2014-2013","5.4306313","52.9260541","2013-06-04T09:29:56Z","1","1644"
"2014-2013","5.4306709","52.9259436","2013-06-04T09:45:01Z","1","1645"
"2014-2013","5.4306188","52.926087","2013-06-04T09:59:58Z","1","1646"
"2014-2013","5.430596","52.9260413","2013-06-04T10:14:53Z","1","1647"
"2014-2013","5.4305725","52.9261742","2013-06-04T10:30:05Z","1","1648"
"2014-2013","5.4306025","52.9260402","2013-06-04T11:00:08Z","1","1649"
"2014-2013","5.4309477","52.9259203","2013-06-04T11:15:25Z","1","1650"
"2014-2013","5.4308903","52.925951","2013-06-04T11:30:20Z","1","1651"
"2014-2013","5.4306092","52.9260594","2013-06-04T12:00:03Z","1","1652"
"2014-2013","5.4303775","52.9261174","2013-06-04T12:30:08Z","1","1653"
"2014-2013","5.4304123","52.926404","2013-06-04T13:01:08Z","1","1654"
"2014-2013","5.4304889","52.9264304","2013-06-04T13:16:13Z","1","1655"
"2014-2013","5.430642","52.9264246","2013-06-04T13:31:08Z","1","1656"
"2014-2013","5.4305456","52.9264168","2013-06-04T14:01:02Z","1","1657"
"2014-2013","5.4306699","52.9264166","2013-06-04T14:31:35Z","1","1658"
"2014-2013","5.4298345","52.9275061","2013-06-04T14:46:35Z","1","1659"
"2014-2013","5.4298489","52.9275043","2013-06-04T15:01:31Z","1","1660"
"2014-2013","5.4297334","52.9274493","2013-06-04T15:30:55Z","1","1661"
"2014-2013","5.4296936","52.9275547","2013-06-04T16:01:08Z","1","1662"
"2014-2013","5.4296062","52.9276617","2013-06-04T16:31:24Z","1","1663"
"2014-2013","5.429667","52.9275228","2013-06-04T17:01:04Z","1","1664"
"2014-2013","5.4295315","52.9276914","2013-06-04T17:30:40Z","1","1665"
"2014-2013","5.4307829","52.9258009","2013-06-04T17:46:08Z","1","1666"
"2014-2013","5.4307759","52.9258038","2013-06-04T18:00:58Z","1","1667"
"2014-2013","5.4307362","52.9258086","2013-06-04T18:30:51Z","1","1668"
"2014-2013","5.4297055","52.9274389","2013-06-04T19:00:43Z","1","1669"
"2014-2013","5.4301182","52.9270824","2013-06-04T19:30:52Z","1","1670"
"2014-2013","5.4397842","52.9306713","2013-06-04T20:01:38Z","1","1671"
"2014-2013","5.4398713","52.9307575","2013-06-04T20:31:54Z","1","1672"
"2014-2013","5.4399054","52.9307452","2013-06-04T21:02:19Z","1","1673"
"2014-2013","5.439889","52.9307285","2013-06-04T21:32:11Z","1","1674"
"2014-2013","5.4399705","52.9307615","2013-06-04T22:02:02Z","1","1675"
"2014-2013","5.4399145","52.9307952","2013-06-04T22:31:53Z","1","1676"
"2014-2013","5.4399443","52.9307845","2013-06-04T23:02:15Z","1","1677"
"2014-2013","5.4399828","52.9307757","2013-06-04T23:32:25Z","1","1678"
"2014-2013","5.4399879","52.930784","2013-06-05T00:03:02Z","1","1679"
"2014-2013","5.4399729","52.9307902","2013-06-05T00:33:11Z","1","1680"
"2014-2013","5.4394924","52.9308938","2013-06-05T01:03:20Z","1","1681"
"2014-2013","5.4301056","52.9263921","2013-06-05T01:19:39Z","1","1682"
"2014-2013","5.4296229","52.9277593","2013-06-05T01:34:47Z","1","1683"
"2014-2013","5.4298364","52.9274999","2013-06-05T01:49:45Z","1","1684"
"2014-2013","5.4298543","52.927495","2013-06-05T02:04:55Z","1","1685"
"2014-2013","5.4295081","52.9277764","2013-06-05T02:19:51Z","1","1686"
"2014-2013","5.4307332","52.9257715","2013-06-05T02:35:11Z","1","1687"
"2014-2013","5.4296716","52.9275577","2013-06-05T02:50:38Z","1","1688"
"2014-2013","5.4296381","52.9274891","2013-06-05T03:20:39Z","1","1689"
"2014-2013","5.4295895","52.9277123","2013-06-05T03:35:34Z","1","1690"
"2014-2013","5.4293802","52.9276998","2013-06-05T03:50:46Z","1","1691"
"2014-2013","5.4297594","52.927647","2013-06-05T04:05:43Z","1","1692"
"2014-2013","5.4285053","52.9277667","2013-06-05T04:20:38Z","1","1693"
"2014-2013","5.4302726","52.9278642","2013-06-05T04:35:34Z","1","1694"
"2014-2013","5.4290716","52.9312227","2013-06-05T04:50:29Z","1","1695"
"2014-2013","5.4288458","52.9313314","2013-06-05T05:05:26Z","1","1696"
"2014-2013","5.4290071","52.9320493","2013-06-05T05:33:53Z","1","1697"
"2014-2013","5.4292065","52.9320102","2013-06-05T05:49:08Z","1","1698"
"2014-2013","5.4292477","52.9320327","2013-06-05T06:04:05Z","1","1699"
"2014-2013","5.4295312","52.9320617","2013-06-05T06:19:04Z","1","1700"
"2014-2013","5.4295101","52.9319823","2013-06-05T06:33:57Z","1","1701"
"2014-2013","5.4397265","52.9306876","2013-06-05T06:49:25Z","1","1702"
"2014-2013","5.4397134","52.9307187","2013-06-05T07:04:37Z","1","1703"
"2014-2013","5.4396757","52.930788","2013-06-05T07:19:44Z","1","1704"
"2014-2013","5.434392","52.9312934","2013-06-05T07:34:46Z","1","1705"
"2014-2013","5.4341313","52.9312734","2013-06-05T08:04:38Z","1","1706"
"2014-2013","5.4397818","52.9308237","2013-06-05T08:34:45Z","1","1707"
"2014-2013","5.4397314","52.9308591","2013-06-05T09:04:37Z","1","1708"
"2014-2013","5.4396468","52.9306857","2013-06-05T09:34:33Z","1","1709"
"2014-2013","5.4396206","52.9307273","2013-06-05T10:04:20Z","1","1710"
"2014-2013","5.4396237","52.9307464","2013-06-05T10:19:47Z","1","1711"
"2014-2013","5.4396261","52.9307985","2013-06-05T10:35:00Z","1","1712"
"2014-2013","5.4396734","52.9308052","2013-06-05T11:04:41Z","1","1713"
"2014-2013","5.4348471","52.9321344","2013-06-05T11:35:08Z","1","1714"
"2014-2013","5.4343849","52.9316483","2013-06-05T12:05:23Z","1","1715"
"2014-2013","5.4395318","52.9308298","2013-06-05T12:20:51Z","1","1716"
"2014-2013","5.4394731","52.9307776","2013-06-05T12:35:47Z","1","1717"
"2014-2013","5.4394924","52.9306062","2013-06-05T13:06:10Z","1","1718"
"2014-2013","5.4348489","52.9317747","2013-06-05T13:36:30Z","1","1719"
"2014-2013","5.43493","52.9319706","2013-06-05T14:06:38Z","1","1720"
"2014-2013","5.4344141","52.9323767","2013-06-05T14:35:50Z","1","1721"
"2014-2013","5.4397021","52.9307621","2013-06-05T14:51:29Z","1","1722"
"2014-2013","5.4396517","52.9307708","2013-06-05T15:06:42Z","1","1723"
"2014-2013","5.4347147","52.9328272","2013-06-05T15:36:03Z","1","1724"
"2014-2013","5.4348074","52.9328789","2013-06-05T16:05:36Z","1","1725"
"2014-2013","5.4350882","52.9329225","2013-06-05T16:35:32Z","1","1726"
"2014-2013","5.4350811","52.9330255","2013-06-05T17:05:45Z","1","1727"
"2014-2013","5.4349473","52.9329858","2013-06-05T17:20:50Z","1","1728"
"2014-2013","5.4345861","52.9326863","2013-06-05T17:35:46Z","1","1729"
"2014-2013","5.4397165","52.9307903","2013-06-05T17:54:38Z","1","1730"
"2014-2013","5.4397798","52.9307931","2013-06-05T18:25:08Z","1","1731"
"2014-2013","5.4396863","52.930823","2013-06-05T18:54:57Z","1","1732"
"2014-2013","5.4396662","52.9306898","2013-06-05T19:25:06Z","1","1733"
"2014-2013","5.4398519","52.9306866","2013-06-05T19:54:57Z","1","1734"
"2014-2013","5.4401057","52.9305919","2013-06-05T20:25:06Z","1","1735"
"2014-2013","5.4401173","52.9305818","2013-06-05T20:55:08Z","1","1736"
"2014-2013","5.4401284","52.9305975","2013-06-05T21:25:07Z","1","1737"
"2014-2013","5.4400562","52.930602","2013-06-05T21:55:13Z","1","1738"
"2014-2013","5.4400997","52.9306242","2013-06-05T22:25:32Z","1","1739"
"2014-2013","5.4400783","52.9306322","2013-06-05T22:55:27Z","1","1740"
"2014-2013","5.440053","52.9306256","2013-06-05T23:25:19Z","1","1741"
"2014-2013","5.4400299","52.9306469","2013-06-05T23:55:18Z","1","1742"
"2014-2013","5.4400169","52.9305902","2013-06-06T00:25:21Z","1","1743"
"2014-2013","5.4399746","52.9306962","2013-06-06T00:57:01Z","1","1744"
"2014-2013","5.4333276","52.9351871","2013-06-06T01:24:01Z","1","1745"
"2014-2013","5.4331291","52.9361613","2013-06-06T01:38:57Z","1","1746"
"2014-2013","5.4330725","52.9360834","2013-06-06T01:53:59Z","1","1747"
"2014-2013","5.4329232","52.93591","2013-06-06T02:09:32Z","1","1748"
"2014-2013","5.4330083","52.9360007","2013-06-06T02:24:46Z","1","1749"
"2014-2013","5.4328365","52.9359703","2013-06-06T02:39:41Z","1","1750"
"2014-2013","5.4373429","52.9327877","2013-06-06T02:55:05Z","1","1751"
"2014-2013","5.433104","52.9365636","2013-06-06T03:10:05Z","1","1752"
"2014-2013","5.4332599","52.9365786","2013-06-06T03:25:01Z","1","1753"
"2014-2013","5.4328407","52.9368192","2013-06-06T03:39:57Z","1","1754"
"2014-2013","5.4397324","52.9307293","2013-06-06T03:54:53Z","1","1755"
"2014-2013","5.4350572","52.9340291","2013-06-06T04:10:06Z","1","1756"
"2014-2013","5.4351152","52.9338145","2013-06-06T04:25:00Z","1","1757"
"2014-2013","5.4351011","52.9339116","2013-06-06T04:39:57Z","1","1758"
"2014-2013","5.4350706","52.9338575","2013-06-06T04:54:52Z","1","1759"
"2014-2013","5.4396595","52.9308046","2013-06-06T05:09:48Z","1","1760"
"2014-2013","5.4396864","52.9308166","2013-06-06T05:25:01Z","1","1761"
"2014-2013","5.4345937","52.9345623","2013-06-06T05:39:55Z","1","1762"
"2014-2013","5.4398167","52.9313299","2013-06-06T05:55:08Z","1","1763"
"2014-2013","5.4397715","52.9308628","2013-06-06T06:10:36Z","1","1764"
"2014-2013","5.4397792","52.9308478","2013-06-06T06:25:31Z","1","1765"
"2014-2013","5.4398046","52.9308426","2013-06-06T06:40:27Z","1","1766"
"2014-2013","5.439775","52.9308471","2013-06-06T06:55:23Z","1","1767"
"2014-2013","5.4397368","52.930912","2013-06-06T07:10:33Z","1","1768"
"2014-2013","5.4347727","52.9318041","2013-06-06T07:25:48Z","1","1769"
"2014-2013","5.4342624","52.9319694","2013-06-06T07:40:45Z","1","1770"
"2014-2013","5.4342029","52.9314856","2013-06-06T08:07:39Z","1","1771"
"2014-2013","5.4344611","52.9315345","2013-06-06T08:37:31Z","1","1772"
"2014-2013","5.4397085","52.9307998","2013-06-06T08:59:23Z","1","1773"
"2014-2013","5.4399951","52.9307743","2013-06-06T09:29:47Z","1","1774"
"2014-2013","5.4399765","52.9307688","2013-06-06T09:44:42Z","1","1775"
"2014-2013","5.439815","52.9309168","2013-06-06T10:07:58Z","1","1776"
"2014-2013","5.4334367","52.9314443","2013-06-06T10:37:33Z","1","1777"
"2014-2013","5.434958","52.9321275","2013-06-06T11:07:22Z","1","1778"
"2014-2013","5.4396037","52.9308303","2013-06-06T11:37:38Z","1","1779"
"2014-2013","5.4345164","52.931548","2013-06-06T12:07:50Z","1","1780"
"2014-2013","5.439664","52.9307844","2013-06-06T12:37:50Z","1","1781"
"2014-2013","5.4396858","52.9307501","2013-06-06T13:07:38Z","1","1782"
"2014-2013","5.4346361","52.9316422","2013-06-06T13:37:14Z","1","1783"
"2014-2013","5.4351571","52.9321534","2013-06-06T14:07:38Z","1","1784"
"2014-2013","5.4350032","52.9320898","2013-06-06T14:37:35Z","1","1785"
"2014-2013","5.4349734","52.9325526","2013-06-06T15:07:04Z","1","1786"
"2014-2013","5.4350779","52.9338534","2013-06-06T15:37:11Z","1","1787"
"2014-2013","5.4350364","52.9339393","2013-06-06T16:07:03Z","1","1788"
"2014-2013","5.4348142","52.93399","2013-06-06T16:36:58Z","1","1789"
"2014-2013","5.4345805","52.9345742","2013-06-06T17:06:50Z","1","1790"
"2014-2013","5.4350348","52.9337707","2013-06-06T17:37:08Z","1","1791"
"2014-2013","5.435026","52.933931","2013-06-06T17:52:38Z","1","1792"
"2014-2013","5.4398513","52.9308054","2013-06-06T18:22:47Z","1","1793"
"2014-2013","5.4397719","52.9307627","2013-06-06T18:52:40Z","1","1794"
"2014-2013","5.4396566","52.9306624","2013-06-06T19:22:51Z","1","1795"
"2014-2013","5.4396944","52.9306507","2013-06-06T19:52:42Z","1","1796"
"2014-2013","5.4397085","52.9306253","2013-06-06T20:23:08Z","1","1797"
"2014-2013","5.4396924","52.9306039","2013-06-06T20:53:39Z","1","1798"
"2014-2013","5.4396966","52.9305853","2013-06-06T21:23:50Z","1","1799"
"2014-2013","5.4399836","52.9305335","2013-06-06T21:53:41Z","1","1800"
"2014-2013","5.4399861","52.9305337","2013-06-06T22:23:49Z","1","1801"
"2014-2013","5.4400314","52.9305313","2013-06-06T22:53:56Z","1","1802"
"2014-2013","5.4400119","52.9305356","2013-06-06T23:24:21Z","1","1803"
"2014-2013","5.4399858","52.9305144","2013-06-06T23:55:03Z","1","1804"
"2014-2013","5.4399403","52.930554","2013-06-07T00:25:08Z","1","1805"
"2014-2013","5.4399752","52.9307655","2013-06-07T00:55:00Z","1","1806"
"2014-2013","5.4399496","52.9307405","2013-06-07T01:10:11Z","1","1807"
"2014-2013","5.435102","52.9339899","2013-06-07T01:25:09Z","1","1808"
"2014-2013","5.434971","52.9340693","2013-06-07T01:40:20Z","1","1809"
"2014-2013","5.4342415","52.9343354","2013-06-07T01:55:16Z","1","1810"
"2014-2013","5.4343072","52.9345008","2013-06-07T02:10:38Z","1","1811"
"2014-2013","5.4333671","52.9358112","2013-06-07T02:25:40Z","1","1812"
"2014-2013","5.4331722","52.9357875","2013-06-07T02:40:47Z","1","1813"
"2014-2013","5.4331263","52.9357495","2013-06-07T02:55:47Z","1","1814"
"2014-2013","5.4331953","52.9357797","2013-06-07T03:11:01Z","1","1815"
"2014-2013","5.4330502","52.9358093","2013-06-07T03:25:56Z","1","1816"
"2014-2013","5.4331919","52.9357266","2013-06-07T03:40:53Z","1","1817"
"2014-2013","5.4341406","52.9352051","2013-06-07T03:55:48Z","1","1818"
"2014-2013","5.4332064","52.9357151","2013-06-07T04:10:54Z","1","1819"
"2014-2013","5.4332036","52.9355731","2013-06-07T04:26:06Z","1","1820"
"2014-2013","5.4329205","52.9361327","2013-06-07T04:41:24Z","1","1821"
"2014-2013","5.4330663","52.9360209","2013-06-07T04:56:36Z","1","1822"
"2014-2013","5.4331126","52.9359558","2013-06-07T05:11:35Z","1","1823"
"2014-2013","5.4331117","52.9361737","2013-06-07T05:26:39Z","1","1824"
"2014-2013","5.4330703","52.9364051","2013-06-07T05:42:08Z","1","1825"
"2014-2013","5.4332826","52.9357074","2013-06-07T05:57:06Z","1","1826"
"2014-2013","5.4332095","52.9357437","2013-06-07T06:12:02Z","1","1827"
"2014-2013","5.4333431","52.9357869","2013-06-07T06:26:59Z","1","1828"
"2014-2013","5.4333246","52.9358131","2013-06-07T06:42:10Z","1","1829"
"2014-2013","5.4332583","52.9358617","2013-06-07T06:57:06Z","1","1830"
"2014-2013","5.4395459","52.9308914","2013-06-07T07:12:02Z","1","1831"
"2014-2013","5.4332233","52.9370843","2013-06-07T07:37:46Z","1","1832"
"2014-2013","5.4330226","52.9371783","2013-06-07T08:08:08Z","1","1833"
"2014-2013","5.4333128","52.9364576","2013-06-07T08:37:54Z","1","1834"
"2014-2013","5.439687","52.9308652","2013-06-07T08:57:53Z","1","1835"
"2014-2013","5.4395259","52.9306939","2013-06-07T09:12:49Z","1","1836"
"2014-2013","5.4348005","52.9318793","2013-06-07T09:38:25Z","1","1837"
"2014-2013","5.4346665","52.9317213","2013-06-07T10:08:33Z","1","1838"
"2014-2013","5.4345444","52.9325358","2013-06-07T10:38:27Z","1","1839"
"2014-2013","5.4163339","52.9433518","2013-06-07T11:08:22Z","1","1840"
"2014-2013","5.4264629","52.9385745","2013-06-07T11:38:45Z","1","1841"
"2014-2013","5.4266765","52.9387291","2013-06-07T12:09:02Z","1","1842"
"2014-2013","5.4333392","52.9362421","2013-06-07T12:38:08Z","1","1843"
"2014-2013","5.4335472","52.9361028","2013-06-07T13:08:15Z","1","1844"
"2014-2013","5.4336256","52.936207","2013-06-07T13:38:09Z","1","1845"
"2014-2013","5.4335764","52.9364294","2013-06-07T14:08:17Z","1","1846"
"2014-2013","5.433734","52.9362655","2013-06-07T14:38:38Z","1","1847"
"2014-2013","5.4338186","52.9364323","2013-06-07T15:08:15Z","1","1848"
"2014-2013","5.4335471","52.9365293","2013-06-07T15:37:52Z","1","1849"
"2014-2013","5.4336377","52.9363953","2013-06-07T16:07:42Z","1","1850"
"2014-2013","5.4330491","52.935935","2013-06-07T16:37:50Z","1","1851"
"2014-2013","5.4336972","52.9358455","2013-06-07T17:07:45Z","1","1852"
"2014-2013","5.4396664","52.9309068","2013-06-07T17:33:02Z","1","1853"
"2014-2013","5.4396645","52.9308994","2013-06-07T17:47:58Z","1","1854"
"2014-2013","5.4395555","52.9309151","2013-06-07T18:18:16Z","1","1855"
"2014-2013","5.4395653","52.931056","2013-06-07T18:48:30Z","1","1856"
"2014-2013","5.4395711","52.9312097","2013-06-07T19:18:22Z","1","1857"
"2014-2013","5.4395845","52.9311595","2013-06-07T19:48:43Z","1","1858"
"2014-2013","5.4395616","52.9312214","2013-06-07T20:19:38Z","1","1859"
"2014-2013","5.43945","52.9312101","2013-06-07T20:49:32Z","1","1860"
"2014-2013","5.4394357","52.9311953","2013-06-07T21:20:23Z","1","1861"
"2014-2013","5.4394215","52.9312055","2013-06-07T21:50:26Z","1","1862"
"2014-2013","5.4394959","52.9311572","2013-06-07T22:20:26Z","1","1863"
"2014-2013","5.4394442","52.9311782","2013-06-07T22:50:35Z","1","1864"
"2014-2013","5.4394396","52.9311661","2013-06-07T23:20:43Z","1","1865"
"2014-2013","5.439472","52.9311456","2013-06-07T23:50:37Z","1","1866"
"2014-2013","5.4394035","52.9311778","2013-06-08T00:21:31Z","1","1867"
"2014-2013","5.439431","52.9310159","2013-06-08T00:51:24Z","1","1868"
"2014-2013","5.4397878","52.9307111","2013-06-08T01:10:51Z","1","1869"
"2014-2013","5.4346387","52.9330836","2013-06-08T01:26:05Z","1","1870"
"2014-2013","5.4351382","52.9339334","2013-06-08T01:40:58Z","1","1871"
"2014-2013","5.4350112","52.9339929","2013-06-08T01:56:11Z","1","1872"
"2014-2013","5.433265","52.9354737","2013-06-08T02:11:38Z","1","1873"
"2014-2013","5.4331565","52.9356224","2013-06-08T02:26:51Z","1","1874"
"2014-2013","5.4332379","52.9355944","2013-06-08T02:42:08Z","1","1875"
"2014-2013","5.433258","52.9355318","2013-06-08T02:56:58Z","1","1876"
"2014-2013","5.4328294","52.9354471","2013-06-08T03:11:54Z","1","1877"
"2014-2013","5.4327608","52.9354136","2013-06-08T03:27:06Z","1","1878"
"2014-2013","5.4339022","52.9360531","2013-06-08T03:42:02Z","1","1879"
"2014-2013","5.4397477","52.9308435","2013-06-08T03:57:14Z","1","1880"
"2014-2013","5.4352002","52.9343346","2013-06-08T04:12:09Z","1","1881"
"2014-2013","5.4329148","52.9365493","2013-06-08T04:27:06Z","1","1882"
"2014-2013","5.4330445","52.9360255","2013-06-08T04:42:01Z","1","1883"
"2014-2013","5.4335083","52.9366846","2013-06-08T04:56:58Z","1","1884"
"2014-2013","5.4345889","52.9317381","2013-06-08T05:12:09Z","1","1885"
"2014-2013","5.4349289","52.9322111","2013-06-08T05:27:08Z","1","1886"
"2014-2013","5.4317999","52.9317603","2013-06-08T05:42:01Z","1","1887"
"2014-2013","5.43318","52.9311259","2013-06-08T05:56:57Z","1","1888"
"2014-2013","5.4285035","52.9373005","2013-06-08T06:12:08Z","1","1889"
"2014-2013","5.4278615","52.9379864","2013-06-08T06:27:05Z","1","1890"
"2014-2013","5.4260641","52.9389123","2013-06-08T06:42:17Z","1","1891"
"2014-2013","5.4273782","52.9381694","2013-06-08T07:10:16Z","1","1892"
"2014-2013","5.4277042","52.9382375","2013-06-08T07:40:08Z","1","1893"
"2014-2013","5.4274692","52.9383962","2013-06-08T08:10:17Z","1","1894"
"2014-2013","5.439442","52.9309184","2013-06-08T08:40:53Z","1","1895"
"2014-2013","5.4394352","52.9309061","2013-06-08T08:56:06Z","1","1896"
"2014-2013","5.4394474","52.9308975","2013-06-08T09:11:04Z","1","1897"
"2014-2013","5.4394083","52.9309134","2013-06-08T09:40:23Z","1","1898"
"2014-2013","5.4393963","52.9309248","2013-06-08T10:10:17Z","1","1899"
"2014-2013","5.4394929","52.9309685","2013-06-08T10:42:38Z","1","1900"
"2014-2013","5.4395343","52.9309909","2013-06-08T10:58:47Z","1","1901"
"2014-2013","5.4349047","52.9320815","2013-06-08T11:13:43Z","1","1902"
"2014-2013","5.4349022","52.9320696","2013-06-08T11:42:19Z","1","1903"
"2014-2013","5.4351448","52.9320978","2013-06-08T12:12:25Z","1","1904"
"2014-2013","5.4349888","52.9321309","2013-06-08T12:42:28Z","1","1905"
"2014-2013","5.4329253","52.936322","2013-06-08T13:12:05Z","1","1906"
"2014-2013","5.4331306","52.9364704","2013-06-08T13:42:14Z","1","1907"
"2014-2013","5.4331175","52.93626","2013-06-08T14:12:09Z","1","1908"
"2014-2013","5.4395528","52.9308956","2013-06-08T14:37:09Z","1","1909"
"2014-2013","5.4395514","52.9309384","2013-06-08T14:52:05Z","1","1910"
"2014-2013","5.4395892","52.9308659","2013-06-08T15:07:17Z","1","1911"